landing_page,visits,purchases,sales
https://shop.googlemerchandisestore.com/,86477,2335,171049.0
https://shop.googlemerchandisestore.com/Google+Redesign/Apparel,39042,134,11729.0
https://googlemerchandisestore.com/,38204,201,17070.0
,27526,109,7810.0
https://www.googlemerchandisestore.com/,25752,162,10060.0
https://shop.googlemerchandisestore.com/Google+Redesign/Shop+by+Brand/YouTube,23397,53,1608.0
https://shop.googlemerchandisestore.com/Google+Redesign/Apparel/Google+Dino+Game+Tee,18426,4,361.0
https://shop.googlemerchandisestore.com/store.html,13910,157,12992.0
https://shop.googlemerchandisestore.com/Google+Redesign/Apparel/Mens/Mens+T+Shirts,6943,46,2112.0
https://shop.googlemerchandisestore.com/Google+Redesign/Lifestyle/Drinkware,4920,43,3621.0
https://shop.googlemerchandisestore.com/signin.html,3995,114,8040.0
https://shop.googlemerchandisestore.com/Google+Redesign/Apparel/Mens,3602,140,15315.0
https://shop.googlemerchandisestore.com/basket.html,3500,350,30696.0
https://shop.googlemerchandisestore.com/Google+Redesign/Lifestyle/Bags,3473,12,1761.0
https://shop.googlemerchandisestore.com/Google+Redesign/Shop+by+Brand/Google,3207,152,12060.0
https://shop.googlemerchandisestore.com/store-policies/frequently-asked-questions/,2695,4,281.0
https://shop.googlemerchandisestore.com/Google+Redesign/Apparel/YouTube+Icon+Hoodie+Black,2418,4,72.0
https://shop.googlemerchandisestore.com/Google+Redesign/Stationery/Stickers,2267,11,378.0
https://shop.googlemerchandisestore.com/Google+Redesign/Clearance,2048,74,4872.0
https://shop.googlemerchandisestore.com/Google+Redesign/New,1824,58,3030.0
https://shop.googlemerchandisestore.com/Google+Redesign/Accessories,1549,0,0.0
https://shop.googlemerchandisestore.com/Google+Redesign/Accessories/Google+Chrome+Dinosaur+Collectible,1524,6,189.0
https://shop.googlemerchandisestore.com/Google+Redesign/bags/backpacks/,1516,2,216.0
https://shop.googlemerchandisestore.com/Google+Redesign/Apparel/Hats,1262,30,2300.0
https://shop.googlemerchandisestore.com/asearch.html,1090,20,1516.0
https://shop.googlemerchandisestore.com/google+redesign/shop+by+brand/youtube,1072,0,0.0
https://shop.googlemerchandisestore.com/Google+Redesign/Accessories/Google+Campus+Bike,1012,3,135.0
https://shop.googlemerchandisestore.com/Google+Redesign/Office,956,1,16.0
https://shop.googlemerchandisestore.com/Google+Redesign/Accessories/Noogler+Android+Figure+2019,891,8,251.0
https://shop.googlemerchandisestore.com/Google+Redesign/Apparel/Womens,863,46,4844.0
https://shop.googlemerchandisestore.com/Google+Redesign/Campus+Collection,773,14,1218.0
https://shop.googlemerchandisestore.com/Google+Redesign/Drinkware/Mugs+Tumblers,732,15,584.0
https://shop.googlemerchandisestore.com/Google+Redesign/eco+friendly,689,23,2271.0
https://shop.googlemerchandisestore.com/Google+Redesign/Apparel/Socks,677,13,630.0
https://shop.googlemerchandisestore.com/Google+Redesign/Apparel/Kids,660,38,2365.0
https://shop.googlemerchandisestore.com/Google+Redesign/Drinkware/Water+Bottles,631,2,37.0
https://shop.googlemerchandisestore.com/Google+Redesign/Stationery,582,3,133.0
https://shop.googlemerchandisestore.com/Google+Redesign/Shop+by+Brand/Android,555,5,196.0
https://shop.googlemerchandisestore.com/Google+Redesign/Apparel/Google+Zip+Hoodie+FC,554,11,753.0
https://shop.googlemerchandisestore.com/Google+Redesign/Lifestyle,545,9,734.0
https://shop.googlemerchandisestore.com/Google+Redesign/Super+G+Unisex+Joggers,542,23,2302.0
https://shop.googlemerchandisestore.com/Google+Redesign/Bags/Google+Utility+BackPack,517,1,96.0
https://shop.googlemerchandisestore.com/Google Redesign/Lifestyle/Drinkware,476,0,0.0
https://shop.googlemerchandisestore.com/Google+Redesign/Lifestyle/Google+Bear+Baby+Blanket+Beige,465,13,592.0
https://shop.googlemerchandisestore.com/Google+Redesign/Stationery/Notebooks,425,7,319.0
https://shop.googlemerchandisestore.com/Google+Redesign/Accessories/Google+Magnet,423,2,60.0
https://shop.googlemerchandisestore.com/Google+Redesign/Lifestyle/Small+Goods,415,17,1261.0
https://shop.googlemerchandisestore.com/google+redesign/apparel/mens,372,0,0.0
https://shop.googlemerchandisestore.com/google+redesign/electronics,371,0,0.0
https://shop.googlemerchandisestore.com/store-policies/return-policy/,361,3,209.0
https://shop.googlemerchandisestore.com/google+redesign/apparel/mens/quickview,355,0,0.0
https://shop.googlemerchandisestore.com/Google+Redesign/Accessories/Google+Pride+Sticker,350,2,79.0
https://shop.googlemerchandisestore.com/store-policies/shipping-information/,333,1,50.0
https://shop.googlemerchandisestore.com/Google+Redesign/Bags,284,0,0.0
https://shop.googlemerchandisestore.com/Google+Redesign/Office/Notebooks+Journals/Google+Metallic+Notebook+Set.axd,262,2,25.0
https://shop.googlemerchandisestore.com/Google+Redesign/Lifestyle/Google+Land+and+Sea+Nalgene+Water+Bottle+LS,262,13,515.0
https://shop.googlemerchandisestore.com/Google+Redesign/Google+Crew+Sweater+Navy,260,11,696.0
https://shop.googlemerchandisestore.com/Google+Redesign/Office/Google+Phone+Stand+Bamboo,248,3,50.0
https://shop.googlemerchandisestore.com/Google+Redesign/Shop+by+Brand,245,1,84.0
https://shop.googlemerchandisestore.com/Google+Redesign/Stationery/Writing,211,5,165.0
https://shop.googlemerchandisestore.com/Google+Redesign/Apparel/Google+Cotopaxi+Shell,209,8,770.0
https://shop.googlemerchandisestore.com/google+redesign/apparel/google+dino+game+tee,203,0,0.0
https://shop.googlemerchandisestore.com/shop.axd/Cart,201,0,0.0
https://shop.googlemerchandisestore.com/Google+Redesign/Lifestyle/Fun/Malibu+Sunglasses.axd,200,3,240.0
https://shop.googlemerchandisestore.com/special-request-form/,200,1,82.0
https://shop.googlemerchandisestore.com/Google+Redesign/Apparel/Google+Mens+Puff+Jacket+Black,198,3,276.0
https://shop.googlemerchandisestore.com/Google+Redesign/Accessories/Google+Emoji+Sticker+Pack+2+sheet,193,0,0.0
https://shop.googlemerchandisestore.com/Google+Redesign/Bags/Google+Flat+Front+Bag+Grey,191,2,170.0
https://shop.googlemerchandisestore.com/Google+Redesign/BLM+Unisex+Pullover+Hoodie,190,2,76.0
https://shop.googlemerchandisestore.com/Google+Redesign/Accessories/Google+Blue+YoYo,172,0,0.0
https://shop.googlemerchandisestore.com/store.html/quickview,153,0,0.0
https://shop.googlemerchandisestore.com/Google+Redesign/bags/shopping+and+Totes,149,0,0.0
https://shop.googlemerchandisestore.com/Google+Redesign/Drinkware/Campus+Corkbase+Mug+Blue,149,1,0.0
https://shop.googlemerchandisestore.com/Google+Redesign/Bags/Google+Incognito+Zippack+V2,143,0,0.0
https://shop.googlemerchandisestore.com/Google+Redesign/Apparel/Google+Badge+Heavyweight+Pullover+Black,140,8,797.0
https://shop.googlemerchandisestore.com/Google+Redesign/Gift+Cards,130,1,160.0
https://shop.googlemerchandisestore.com/Google+Redesign/Office/Writing/Google+Stylus+Pen+w+LED+Light.axd,127,0,0.0
https://shop.googlemerchandisestore.com/Google+Redesign/Apparel/Kids/Kids+Infant,125,3,137.0
https://shop.googlemerchandisestore.com/Google+Redesign/Apparel/Google+Leather+Strap+Hat+Black,123,3,120.0
https://shop.googlemerchandisestore.com/Google+Redesign/Apparel/Google+Unisex+Eco+Tee+Black,123,4,178.0
https://shop.googlemerchandisestore.com/Google+Redesign/Bags/Google+Incognito+Flap+Pack,122,1,0.0
https://shop.googlemerchandisestore.com/Google+Redesign/Office/Google+Google+Confetti+Task+Pad,121,0,0.0
https://shop.googlemerchandisestore.com/Google+Redesign/Apparel/Womens/Womens+T+Shirts,114,0,0.0
https://shop.googlemerchandisestore.com/Google+Redesign/Apparel/Google+Black+Tee,113,0,0.0
https://shop.googlemerchandisestore.com/Google+Redesign/Apparel/Google+Sherpa+Zip+Hoodie+Charcoal,112,3,189.0
https://shop.googlemerchandisestore.com/Google+Redesign/Apparel/Google+Crew+Socks,110,2,32.0
https://shop.googlemerchandisestore.com/Google+Redesign/Office/Google+Pen+White,110,0,0.0
https://shop.googlemerchandisestore.com/Google+Redesign/Accessories/Google+Keychain+19,109,0,0.0
https://shop.googlemerchandisestore.com/Google+Redesign/Bags/Google+Seaport+Tote,109,0,0.0
https://shop.googlemerchandisestore.com/Google+Redesign/Apparel/YouTube+Twill+Cap+Sandwich+Black,107,3,78.0
https://shop.googlemerchandisestore.com/Google+Redesign/Drinkware/Google+Glass+Bottle,104,3,90.0
https://shop.googlemerchandisestore.com/Google+Redesign/Drinkware/Google+KeepCup,104,0,0.0
https://shop.googlemerchandisestore.com/Google+Redesign/Accessories/Google+Lapel+Pin,104,2,295.0
http://shop.googlemerchandisestore.com/google+redesign/accessories/google+cork+tablet+case,104,0,0.0
https://shop.googlemerchandisestore.com/Google+Redesign/Apparel/Google+Womens+Puff+Jacket+Black,101,7,872.0
https://shop.googlemerchandisestore.com/Google+Redesign/Apparel/Google+Crewneck+Sweatshirt+Green,99,6,320.0
https://shop.googlemerchandisestore.com/Google+Redesign/Apparel/Google+FC+Longsleeve+Charcoal,96,2,48.0
https://shop.googlemerchandisestore.com/Google Redesign/Lifestyle/Bags,93,0,0.0
https://shop.googlemerchandisestore.com/Google+Redesign/Office/Google+Soft+Modal+Scarf,93,3,169.0
https://shop.googlemerchandisestore.com/Google+Redesign/Apparel/YouTube+Standards+Zip+Hoodie+Black,92,3,0.0
https://shop.googlemerchandisestore.com/Google+Redesign/Accessories/Android+Large+Removable+Sticker+Sheet,92,0,0.0
https://shop.googlemerchandisestore.com/Google+Redesign/Apparel/Google+Mens+Microfleece+Jacket+Black,92,0,0.0
https://shop.googlemerchandisestore.com/Google+Redesign/Accessories/YouTube+Small+Sticker+Sheet,90,0,0.0
https://shop.googlemerchandisestore.com/Google+Redesign/Apparel/Google+Land+and+Sea+Unisex+Tee,90,3,146.0
https://shop.googlemerchandisestore.com/google+redesign/shop+by+brand/youtube/quickview,87,0,0.0
https://shop.googlemerchandisestore.com/Google+Redesign/Apparel/YouTube+Crew+Socks,87,1,16.0
https://shop.googlemerchandisestore.com/Google+Redesign/Accessories/Android+Puzzlebot+v2,85,1,64.0
https://shop.googlemerchandisestore.com/Google+Redesign/Office/Writing/Maze+Pen.axd,85,4,73.0
https://shop.googlemerchandisestore.com/Google+Redesign/Apparel/Google+Heathered+Pom+Beanie,85,5,255.0
https://shop.googlemerchandisestore.com/Google+Redesign/Accessories/YouTube+Iconic+Play+Pin,81,0,0.0
https://shop.googlemerchandisestore.com/google+redesign/apparel/mens/mens+t+shirts,80,0,0.0
https://shop.googlemerchandisestore.com/google+redesign/apparel/youtube+icon+tee+charcoal,80,0,0.0
https://shop.googlemerchandisestore.com/Google+Redesign/Apparel/Google+Mens+Tech+Fleece+Grey,79,5,370.0
https://shop.googlemerchandisestore.com/Google+Redesign/Drinkware/Google+Camp+Mug+Ivory,78,3,69.0
https://shop.googlemerchandisestore.com/Google+Redesign/Apparel/Google+Raincoat+Navy,77,1,120.0
https://shop.googlemerchandisestore.com/Google+Redesign/Apparel/Google+Mens+Tech+Fleece+Vest+Charcoal,77,1,126.0
https://shop.googlemerchandisestore.com/Google+Redesign/Accessories/Google+Utensil+Set,76,2,24.0
https://shop.googlemerchandisestore.com/Google+Redesign/Apparel/Android+Iconic+Crew,75,5,309.0
https://shop.googlemerchandisestore.com/google+redesign/new,74,0,0.0
https://shop.googlemerchandisestore.com/google+redesign/apparel/hats,73,0,0.0
https://shop.googlemerchandisestore.com/Google+Redesign/Campus+Collection/Google+Mountain+View+Campus+Mug,72,0,0.0
https://shop.googlemerchandisestore.com/Google+Redesign/Bags/Google+Incognito+Messenger+Bag,72,0,0.0
https://shop.googlemerchandisestore.com/Google+Redesign/Google+Land+and+Sea+French+Terry+Sweatshirt,71,3,224.0
https://shop.googlemerchandisestore.com/clearance/clearance-accessories/,71,0,0.0
https://shop.googlemerchandisestore.com//Google+Redesign/Office/Writing/Maze+Pen.axd,70,0,0.0
https://shop.googlemerchandisestore.com/Google+Redesign/Drinkware/Google+Canteen+Bottle+Black,69,3,827.0
https://shop.googlemerchandisestore.com/Google+Redesign/Electronics/Audio,69,0,0.0
https://shop.googlemerchandisestore.com/Google+Redesign/Apparel/Google+Mens+Softshell+Moss,69,5,360.0
http://shop.googlemerchandisestore.com/google+redesign/shop+by+brand/youtube,68,0,0.0
https://shop.googlemerchandisestore.com/Google+Redesign/Drinkware/YouTube+Play+Mug,67,1,13.0
https://shop.googlemerchandisestore.com/Google+Redesign/Electronics,67,1,156.0
https://shop.googlemerchandisestore.com/google+redesign/lifestyle/bags,66,0,0.0
https://shop.googlemerchandisestore.com/Google+Redesign/Shop+by+Brand/I+am+Remarkable,65,1,110.0
https://shop.googlemerchandisestore.com/Google+Redesign/Drinkware/Google+Cup+Cap+Tumbler+Grey,65,1,77.0
https://shop.googlemerchandisestore.com/Google+Redesign/Apparel/Google+Black+Cloud+Zip+Hoodie,64,1,0.0
https://shop.googlemerchandisestore.com/Google+Redesign/Apparel/Google+Google+Premium+Sunglasses,64,1,23.0
https://shop.googlemerchandisestore.com/Google+Redesign/Bags/Google+Incognito+Techpack+V2,64,2,70.0
https://shop.googlemerchandisestore.com/Google+Redesign/Apparel/Google+FC+Longsleeve+Ash,61,3,262.0
https://shop.googlemerchandisestore.com/Google+Redesign/Drinkware/Google+Woodtop+Bottle+Black,59,4,214.0
https://shop.googlemerchandisestore.com/Google+Redesign/Bags/Google+Packable+Bag+Black,58,2,95.0
https://shop.googlemerchandisestore.com/Google+Redesign/Apparel/Google+Land+and+Sea+Cotton+Cap+LS,58,2,38.0
https://shop.googlemerchandisestore.com/Google+Redesign/Apparel/Google+Crew+Grey,58,1,108.0
https://shop.googlemerchandisestore.com/Google+Redesign/Apparel/YouTube+Icon+Tee+Charcoal,56,2,22.0
https://shop.googlemerchandisestore.com/Google+Redesign/Accessories/Google+Mouse+Pad+Navy,55,0,0.0
https://shop.googlemerchandisestore.com/Google+Redesign/Apparel/Android+Pocket+Tee+Navy,54,2,211.0
https://shop.googlemerchandisestore.com/google+redesign/lifestyle/drinkware,51,0,0.0
https://shop.googlemerchandisestore.com/Google+Redesign/Office/Google+Google+Color+Block+Notebook,51,0,0.0
https://shop.googlemerchandisestore.com/Google+Redesign/Campus+Collection/Google+Mountain+View+Campus+Zip+Hoodie,51,1,23.0
https://shop.googlemerchandisestore.com/Google+Redesign/Apparel/Google+Sherpa+Vest+Black,50,1,199.0
https://shop.googlemerchandisestore.com/Google+Redesign/Apparel/Google+Womens+Softshell+Moss,50,3,237.0
https://shop.googlemerchandisestore.com/Google+Redesign/Small+Goods/Mommy+Works+at+Google+Book,49,4,76.0
https://shop.googlemerchandisestore.com/Google+Redesign/Drinkware/Youtube+25oz+gear+cap+bottle+black,49,1,16.0
https://shop.googlemerchandisestore.com/Google+Redesign/Accessories/Google+Laptop+Sleeve+Charcoal,49,0,0.0
https://shop.googlemerchandisestore.com/Google+Redesign/Drinkware/Google+Cork+Base+Tumbler,49,1,48.0
https://shop.googlemerchandisestore.com/store-policies/frequently-asked-questions/home,49,0,0.0
https://shop.googlemerchandisestore.com/Google+Redesign/Apparel/Google+Infant+Charcoal+Onesie,49,3,122.0
https://shop.googlemerchandisestore.com/BLM,48,1,46.0
https://shop.googlemerchandisestore.com/Google+Redesign/Bags/Supernatural+Paper+Backpack,46,0,0.0
https://shop.googlemerchandisestore.com/Google+Redesign/Drinkware/Google+Mural+Bottle,46,0,0.0
https://shop.googlemerchandisestore.com/Google+Redesign/Accessories/Google+Inverted+Umbrella,46,1,39.0
https://shop.googlemerchandisestore.com/Google+Redesign/Drinkware/Android+Buoy+Bottle,46,0,0.0
https://shop.googlemerchandisestore.com/Google+Redesign/Apparel/Google+Speckled+Beanie+Grey,45,2,146.0
https://shop.googlemerchandisestore.com/Google+Redesign/Drinkware/Google+Thermal+Tumbler+Navy,45,2,97.0
https://shop.googlemerchandisestore.com/Google+Redesign/Apparel/Google+Sherpa+Zip+Hoodie+Navy,45,2,117.0
https://shop.googlemerchandisestore.com/register.html,45,1,101.0
https://shop.googlemerchandisestore.com/Google+Redesign/Small+Goods/Daddy+Works+at+Google+Book,43,1,170.0
https://shop.googlemerchandisestore.com/Google+Redesign/Office/Stickers/Google+Laptop+and+Cell+Phone+Stickers.axd,43,0,0.0
https://shop.googlemerchandisestore.com/Google+Redesign/Accessories/Google+Cork+Tablet+Case,43,2,103.0
https://shop.googlemerchandisestore.com/Google+RMG+Redesign/Lifestyle/Mural+Food+Container,42,2,91.0
https://shop.googlemerchandisestore.com/Google+Redesign/Bags/Google+Bike+Mini+Backpack,41,1,69.0
https://shop.googlemerchandisestore.com/storeitem.html,41,0,0.0
https://shop.googlemerchandisestore.com/Google+Redesign/Brands/YouTube/,41,0,0.0
https://shop.googlemerchandisestore.com/Google+Redesign/Lifestyle/Google+Knit+Blanket,40,7,367.0
https://shop.googlemerchandisestore.com/Google+Redesign/Accessories/Google+Bot,40,0,0.0
https://shop.googlemerchandisestore.com/Google+Redesign/Google+Blue+Stojo+Cup,39,1,185.0
https://shop.googlemerchandisestore.com/Google+Redesign/Bags/Google+Incognito+Dopp+Kit+V2,39,1,154.0
https://shop.googlemerchandisestore.com/Google+Redesign/Accessories/Google+Cloth+Pouch+Black,39,1,8.0
https://shop.googlemerchandisestore.com/Google+Redesign/Google+Land+and+Sea+Mug,38,2,175.0
https://shop.googlemerchandisestore.com/Google+Redesign/Drinkware/Google+Perk+Thermal+Cup,38,2,208.0
https://shop.googlemerchandisestore.com/Google+Redesign/Apparel/Google+Campus+Bike+Eco+Tee+Navy,38,1,646.0
https://shop.googlemerchandisestore.com/Google+Redesign/Accessories/Google+See+no+hear+no+set,37,1,114.0
https://shop.googlemerchandisestore.com/Google+Redesign/Drinkware/Android+Iconic+Mug+Gray,37,2,42.0
https://shop.googlemerchandisestore.com/Google+Redesign/Bags/Supernatural+Paper+Tote,36,1,150.0
https://shop.googlemerchandisestore.com/Google+Redesign/Bags/Google+Mesh+Bag+Blue,36,0,0.0
https://shop.googlemerchandisestore.com/google+redesign/nest/nest-usa,36,0,0.0
https://shop.googlemerchandisestore.com/gpsmap,36,0,0.0
https://shop.googlemerchandisestore.com/Google+Redesign/Apparel/YouTube+Transmission+Journal+Red,36,0,0.0
https://shop.googlemerchandisestore.com/Google+Redesign/Stationery/Google+4in+Decal,36,0,0.0
https://shop.googlemerchandisestore.com/Google+Redesign/Accessories/Google+Medium+Pet+Collar+Blue+Green,36,0,0.0
https://shop.googlemerchandisestore.com/Google+Redesign/Office/Google+Clear+Pen+4pack,35,4,827.0
https://shop.googlemerchandisestore.com/Google+Redesign/Nest/Nest-usa,35,0,0.0
https://shop.googlemerchandisestore.com/google+redesign/apparel/google+cotopaxi+shell,35,0,0.0
https://shop.googlemerchandisestore.com/Google+Redesign/Apparel/Google+Mural+Socks,35,1,31.0
https://shop.googlemerchandisestore.com/google+redesign/bags/google+utility+backpack,34,0,0.0
https://shop.googlemerchandisestore.com/Google+Redesign/Apparel/Google+Google+Summer19+Crew+Grey,34,2,122.0
https://shop.googlemerchandisestore.com/Google+Redesign/Apparel/Google+Google+Crew+Striped+Athletic+Sock,34,0,0.0
https://shop.googlemerchandisestore.com/Google+Redesign/Lifestyle/Fun/Google+Kick+Ball.axd,33,1,85.0
https://shop.googlemerchandisestore.com/Google Redesign/Office,33,0,0.0
https://shop.googlemerchandisestore.com/Google+Redesign/Apparel/YouTube+Leather+Strap+Hat+Black,33,1,0.0
https://shop.googlemerchandisestore.com/Google+Redesign/Accessories/Fun,33,0,0.0
https://shop.googlemerchandisestore.com/Google+Redesign/Apparel/Google+Womens+Microfleece+Jacket+Black,33,2,166.0
https://shop.googlemerchandisestore.com/Google+Redesign/Apparel/Android+Iconic+Hat+V2+Black,33,3,174.0
https://shop.googlemerchandisestore.com/Google+Redesign/Apparel/YouTube+Icon+Tee+Grey,33,3,179.0
https://shop.googlemerchandisestore.com/Google+Redesign/Drinkware/Google+Super+G+Tumbler+Red+Lid,32,2,22.0
https://shop.googlemerchandisestore.com/Google+Redesign/Drinkware/Google+Bike+Bottle,32,1,40.0
https://shop.googlemerchandisestore.com/Google+Redesign/Bags/Android+Iconic+Backpack,31,0,0.0
https://shop.googlemerchandisestore.com/Google+Redesign/Apparel/Google+Tee+Blue,31,0,0.0
https://shop.googlemerchandisestore.com/Google+Redesign/Accessories/Google+Tech+Taco,30,0,0.0
https://shop.googlemerchandisestore.com/Google+Redesign/Bags/Supernatural+Paper+Lunch+Sack,30,0,0.0
https://shop.googlemerchandisestore.com/shop.axd/cart,30,0,0.0
https://shop.googlemerchandisestore.com/Google+Yellowesign/Apparel/Google+Tee+Yellow,30,0,0.0
https://shop.googlemerchandisestore.com/Google+Redesign/Apparel/Google+Womens+Google+Striped+LS,29,0,0.0
https://shop.googlemerchandisestore.com/Google+Redesign/Apparel/Google+Leather+Strap+Hat+Blue,29,0,0.0
https://shop.googlemerchandisestore.com/Google+Redesign/Apparel/Google+Womens+Tech+Fleece+Grey,29,1,356.0
https://shop.googlemerchandisestore.com/Google+Redesign/Accessories/Google+Emoji+Magnet+Set,28,1,10.0
http://shop.googlemerchandisestore.com/,28,0,0.0
https://shop.googlemerchandisestore.com/Google+Redesign/Apparel/Stan+and+Friends+Tee+Green,28,2,173.0
https://shop.googlemerchandisestore.com/Google+Redesign/Drinkware,27,0,0.0
https://shop.googlemerchandisestore.com/Google+Redesign/Drinkware/Google+Mural+Mug,27,0,0.0
https://shop.googlemerchandisestore.com/Google+Redesign/bags/more+bags,27,0,0.0
https://shop.googlemerchandisestore.com/Google+Redesign/Apparel/Android+Pocket+Onesie+Navy,27,1,44.0
https://shop.googlemerchandisestore.com/myaccount.html,27,3,150.0
https://shop.googlemerchandisestore.com/Google+Redesign/Office/Google+Sustainable+Pencil+Pouch,26,0,0.0
https://shop.googlemerchandisestore.com/platzi,26,0,0.0
https://shop.googlemerchandisestore.com/Google+Redesign/Wearables/Men+s+T-Shirts/,26,0,0.0
https://shop.googlemerchandisestore.com/Google+Redesign/Apparel/Google+Land+and+Sea+Womens+Eco+Tee,26,0,0.0
https://shop.googlemerchandisestore.com/Google+Redesign/Apparel/Google+Tee+Red,25,1,0.0
https://shop.googlemerchandisestore.com/Google+Redesign/Notebooks+Journals/Google+Large+Standard+Journal+Grey,25,1,26.0
https://shop.googlemerchandisestore.com/Google+Redesign/Apparel/Kids/Kids+Youth,25,1,262.0
https://shop.googlemerchandisestore.com/Google+Redesign/Apparel/Google+Unisex+Google+Pocket+Tee+Grey,25,1,98.0
https://shop.googlemerchandisestore.com/Google+Redesign/Apparel/Google+Tudes+Recycled+Tee,25,0,0.0
https://shop.googlemerchandisestore.com/Google+Redesign/Accessories/Google+Mural+Sticker+Sheet,25,0,0.0
https://shop.googlemerchandisestore.com/Google+Redesign/Accessories/Google+Maps+Pin,24,0,0.0
https://shop.googlemerchandisestore.com/Google+Redesign/Bags/Google+Large+White+Gift+Bag+5PK,24,0,0.0
https://shop.googlemerchandisestore.com/Google+Redesign/Apparel/Google+Tee+FC+Black,24,1,23.0
https://shop.googlemerchandisestore.com/Google+Redesign/Bags/Google+Utility+Bag+Grey,24,0,0.0
https://shop.googlemerchandisestore.com/Google+Redesign/Apparel/Google+Zip+Hoodie+Black,24,0,0.0
https://shop.googlemerchandisestore.com/Google+Redesign/Apparel/Flamingo+and+Friends+Tee+Blue,24,0,0.0
https://shop.googlemerchandisestore.com/home.,24,0,0.0
https://shop.googlemerchandisestore.com/Google+Redesign/Apparel/Google+Navy+Speckled+Tee,24,4,237.0
https://shop.googlemerchandisestore.com/Google+Redesign/Office/Google+ApPeel+Journal+Red,23,0,0.0
https://shop.googlemerchandisestore.com/Google+Redesign/Apparel/Google+Speckled+Beanie+Navy,23,2,41.0
https://shop.googlemerchandisestore.com/Google+Redesign/Office/Google+Black+Cork+Journal,23,1,18.0
https://shop.googlemerchandisestore.com/Google+Redesign/Apparel/Android+Pocket+Tee+Green,23,1,0.0
https://shop.googlemerchandisestore.com/google+redesign/drinkware,23,0,0.0
https://shop.googlemerchandisestore.com/store-policies/privacy-policy/,23,0,0.0
https://shop.googlemerchandisestore.com/Google+Redesign/Apparel/Android+Iconic+Hat+White,23,1,16.0
https://shop.googlemerchandisestore.com/resetpassword.html,22,1,0.0
https://shop.googlemerchandisestore.com/Google+Redesign/Drinkware/Google+PNW+Campus+Bottle,22,0,0.0
https://shop.googlemerchandisestore.com/Google+Redesign/Shop+by+Brand/Google+Cloud,22,1,21.0
https://shop.googlemerchandisestore.com/Google+Redesign/Lifestyle/Google-Frisbee,21,0,0.0
https://shop.googlemerchandisestore.com/Google+Redesign/Electronics/Accessories/Keyboard+DOT+Sticker.axd,21,1,2.0
https://shop.googlemerchandisestore.com/Google+Redesign/Accessories/Snowflake+Android+Cardboard+Sculpture,21,1,16.0
https://shop.googlemerchandisestore.com/Google+Redesign/Bags/Google+Google+Campus+Bike+Tote+Navy,21,0,0.0
https://shop.googlemerchandisestore.com/Google+Redesign/Accessories/Android+Techie+3D+Framed+Art,21,2,40.0
https://shop.googlemerchandisestore.com/Google+Redesign/Apparel/Google+Toddler+FC+Zip+Hoodie,21,0,0.0
https://shop.googlemerchandisestore.com/Google+Redesign/Campus+Collection/Google+Sunnyvale+Campus+Zip+Hoodie,21,1,90.0
https://shop.googlemerchandisestore.com/Google+Redesign/Office/Google+Felt+Refillable+Journal,20,0,0.0
https://shop.googlemerchandisestore.com/Google+Redesign/Apparel/Google+Heather+Green+Speckled+Tee,20,2,56.0
https://shop.googlemerchandisestore.com/Google+Redesign/Accessories/Google+LoveHandle+Black,20,1,8.0
https://shop.googlemerchandisestore.com/Google+Redesign/Lifestyle/Google+Land+and+Sea+Tote+Bag,20,1,141.0
https://shop.googlemerchandisestore.com/Google+Redesign/Apparel/Google+Split+Seam+Tee+Olive,20,4,105.0
https://shop.googlemerchandisestore.com/Google+Redesign/Bags/Google+Hemp+Tote,20,1,80.0
https://shop.googlemerchandisestore.com/Google+Redesign/Brands/YouTube/home,19,0,0.0
https://shop.googlemerchandisestore.com/Google Redesign/Accessories,19,0,0.0
https://shop.googlemerchandisestore.com/google+redesign/shop+by+brand/youtube/quickview.,19,0,0.0
https://shop.googlemerchandisestore.com/Google+Redesign/Drinkware/Stainless+Straight+Straw+and+Cleaner,19,0,0.0
https://shop.googlemerchandisestore.com/Google+Redesign/Office/Google+Pen+Grass+Green,19,0,0.0
https://shop.googlemerchandisestore.com/Google+Redesign/Office/YouTube+Pen+2Pack,19,0,0.0
https://shop.googlemerchandisestore.com/Google+Greenesign/Apparel/Google+Tee+Green,18,1,30.0
https://shop.googlemerchandisestore.com/Google+Redesign/Bags/Google+Large+Tote+White,18,0,0.0
https://shop.googlemerchandisestore.com/Google+Redesign/ApparelGoogle+Beekeepers+Tee+Mint,18,1,39.0
https://shop.googlemerchandisestore.com/eco/25oz+recycled+infuser+bottle.axd,17,0,0.0
https://shop.googlemerchandisestore.com/Google+Redesign/Apparel/Google+NYC+Campus+Zip+Hoodie,17,1,32.0
https://shop.googlemerchandisestore.com/Google+Redesign/Drinkware/Google+24oz+Ring+Bottle+Blue,17,0,0.0
https://shop.googlemerchandisestore.com/Google+Redesign/Apparel/IamRemarkable+Hoodie,17,0,0.0
https://shop.googlemerchandisestore.com/Google+Redesign/5k+run/Google+5K+Run+2020+Womens+Tee,16,1,771.0
https://shop.googlemerchandisestore.com/Google+,16,0,0.0
https://shop.googlemerchandisestore.com/Google+Redesign/Accessories/Google+Clear+Framed+Gray+Shades,16,0,0.0
https://shop.googlemerchandisestore.com/Google+Redesign/Office/Google+Light+Up+Pen+Green,16,0,0.0
https://shop.googlemerchandisestore.com/Google+Redesign/Google+Chrome+Dino+Light+Up+Water+Bottle,16,3,0.0
https://shop.googlemerchandisestore.com/Google+Redesign/Lifestyle/Google+Camp+Mug+Gray,16,1,59.0
https://shop.googlemerchandisestore.com/google+redesign/shop+by+brand/google,16,0,0.0
https://shop.googlemerchandisestore.com/Google+Redesign/Office/Google+Light+Up+Pen+Blue,16,0,0.0
https://shop.googlemerchandisestore.com/Google+Redesign/Drinkware/Google+NYC+Campus+Bottle,16,1,24.0
http://shop.googlemerchandisestore.com/Google+Redsign/Shop+by+Brand/Google,16,0,0.0
https://shop.googlemerchandisestore.com/google+redesign/apparel/men++s/men++s+t+shirts,16,0,0.0
https://shop.googlemerchandisestore.com/Google+Redesign/Apparel/Google+Red+Speckled+Tee,15,1,48.0
https://shop.googlemerchandisestore.com/Google+Redesign/Office/Google+Google+Confetti+Pen+White,15,0,0.0
https://shop.googlemerchandisestore.com/Google+Redesign/Accessories/Google+Red+YoYo,15,0,0.0
https://shop.googlemerchandisestore.com/Google+Redesign/Apparel/Kids/Kids+Toddler,15,1,24.0
https://shop.googlemerchandisestore.com/Google,15,0,0.0
http://shop.googlemerchandisestore.com/google redesign/accessories/google cork tablet case,15,0,0.0
https://shop.googlemerchandisestore.com/Google+Redesign/Stationery/Google+Land+and+Sea+Journal+Set,15,0,0.0
https://shop.googlemerchandisestore.com/Google+Redesign/Drinkware/Google+Hub+Mug+White,15,1,13.0
https://shop.googlemerchandisestore.com/),15,0,0.0
https://shop.googlemerchandisestore.com/Google+Redesign/Drinkware/Google+16oz+tumbler+blue,15,3,216.0
https://shop.googlemerchandisestore.com/Google+Redesign/5k+run/Google+5K+Run+2020+Unisex+Tee,15,0,0.0
https://shop.googlemerchandisestore.com/Google+Redesign/Apparel/Google+LA+Campus+Zip+Hoodie,15,0,0.0
https://shop.googlemerchandisestore.com/Google+Redesign/Stationery/YouTube+Jotter+Task+Pad,15,0,0.0
https://shop.googlemerchandisestore.com/Google+Redesign/Apparel/Google+Google+Crew+Combed+Cotton+Sock,15,0,0.0
https://shop.googlemerchandisestore.com/Google+Redesign/Accessories/Google+Yellow+YoYo,14,0,0.0
https://shop.googlemerchandisestore.com/Google+Redesign/Apparel/Mens/Mens+Warm+Gear,14,0,0.0
https://shop.googlemerchandisestore.com/google+redesign/apparel/womens,14,0,0.0
https://shop.googlemerchandisestore.com/Google+Redesign/Accessories/Google+LA+Campus+Lapel+Pin,14,0,0.0
https://shop.googlemerchandisestore.com/forgot_password.html,14,1,117.0
https://shop.googlemerchandisestore.com/Google+Redesign/Drinkware/Google+Super+G+Tumbler+Blue+Lid,14,0,0.0
https://shop.googlemerchandisestore.com/Google+Redesign/Stationery/Google+Jotter+Task+Pad,13,1,116.0
https://shop.googlemerchandisestore.com/Google+Redesign/Accessories/Housewares,13,0,0.0
https://shop.googlemerchandisestore.com/Google+Redesign/Apparel/YouTube+wordmark+crew+grey,13,0,0.0
https://shop.googlemerchandisestore.com/Google+Redesign/Google+Land+and+Sea+Tech+Taco,13,0,0.0
https://shop.googlemerchandisestore.com/Google Redesign/Drinkware/Google Canteen Bottle Black,13,0,0.0
https://shop.googlemerchandisestore.com/Google+Redesign/Bags/Google+Small+White+Gift+Bag+5PK,13,1,16.0
https://shop.googlemerchandisestore.com/Google+Redesign/Apparel/IamRemarkable+Unisex+T-Shirt,13,0,0.0
https://shop.googlemerchandisestore.com/google+redesign/lifestyle/bags/quickview,13,0,0.0
https://shop.googlemerchandisestore.com/Google+Redesign/Apparel/Google+Cambridge+Campus+Zip+Hoodie,13,1,0.0
https://shop.googlemerchandisestore.com/Google+Redesign/Office/Google+Small+Standard+Journal+Navy,13,3,39.0
https://shop.googlemerchandisestore.com/Google+Redesign/Office/Google+Mural+Sticky+Note+Pad,12,0,0.0
https://shop.googlemerchandisestore.com/Google+Redesign/Campus+Collection/Google+Sunnyvale+Campus+Bottle,12,1,44.0
https://shop.googlemerchandisestore.com/shop.axd/Search,12,0,0.0
https://shop.googlemerchandisestore.com/Google+Redesign/Drinkware/Google+Kirkland+Campus+Mug,12,0,0.0
https://shop.googlemerchandisestore.com/Google+Redesign/Apparel/Google+Google+Red+Kids+Sunglasses,12,1,14.0
https://shop.googlemerchandisestore.com/uft,12,0,0.0
https://shop.googlemerchandisestore.com/registersuccess.html,12,0,0.0
https://shop.googlemerchandisestore.com/Google+Redesign/Apparel/Google+Womens+Grid+Zip+Up,12,0,0.0
https://shop.googlemerchandisestore.com/Google+Redesign/Shop+by+Brand/Waze+Womens+Typography+Short+Sleeve+Tee+MD.axd,12,0,0.0
https://shop.googlemerchandisestore.com/Google+Redesign/Apparel/Google+Womens+Eco+Tee+Black,12,2,40.0
https://shop.googlemerchandisestore.com/Google+Redesign/Apparel/Google+Tracking+Hat,12,0,0.0
https://shop.googlemerchandisestore.com/Google+Redesign/Accessories/Google+Large+Pet+Leash+Red+Yellow,12,0,0.0
https://shop.googlemerchandisestore.com/Google+Redesign/Apparel/Google+Youth+FC+Zip+Hoodie,12,1,66.0
https://shop.googlemerchandisestore.com/Google+Redesign/Drinkware/Google+Austin+Campus+Mug,12,2,53.0
https://shop.googlemerchandisestore.com/Google+Redesign/Accessories/Google+Cork+Card+Holder,12,0,0.0
https://shop.googlemerchandisestore.com/basket.html.,12,0,0.0
https://shop.googlemerchandisestore.com/Google+Redesign/Drinkware/Android+Iconic+Glass+Bottle+Green,12,1,21.0
https://shop.googlemerchandisestore.com/asearch.html/home,12,0,0.0
https://shop.googlemerchandisestore.com/Google+Redesign/Office/Google+Recycled+Notebook+Set+Natural,11,0,0.0
https://shop.googlemerchandisestore.com/Google+Redesign/Accessories/Android+Iconic+Sticker+Sheet,11,0,0.0
https://shop.googlemerchandisestore.com/Google+Redesign/Accessories/Google+NYC+Campus+Lapel+Pin,11,1,44.0
https://shop.googlemerchandisestore.com/Google+Redesign/Apparel/Google+Twill+Cap+Charcoal,11,1,0.0
https://shop.googlemerchandisestore.com/Google+Redesign/Apparel/Google+Youth+FC+Pullover+Hoodie,11,0,0.0
https://shop.googlemerchandisestore.com/Google+Redesign/Drinkware/Google+NYC+Campus+Mug,11,1,104.0
https://shop.googlemerchandisestore.com/Google+Redesign/Apparel/Google+Youth+FC+Tee+Charcoal,11,0,0.0
https://shop.googlemerchandisestore.com/asearch.html/quickview,11,0,0.0
https://shop.googlemerchandisestore.com/Google+Redesign/Apparel/Android+Garden+Tee+Orange,11,0,0.0
https://shop.googlemerchandisestore.com/eco/home,11,0,0.0
https://shop.googlemerchandisestore.com/Google+Redesign/Apparel/Google+Unisex+Pride+Eco-Tee+Black,11,0,0.0
https://shop.googlemerchandisestore.com/Google+Redesign/Apparel/Google+Google+Blue+Kids+Sunglasses,11,0,0.0
https://shop.googlemerchandisestore.com/Google+Redesign/Apparel/Google+Infant+Hero+Onesie+Grey,11,0,0.0
https://shop.googlemerchandisestore.com/Google+Redesign/Bags/Google+Google+Confetti+Accessory+Pouch,10,0,0.0
https://shop.googlemerchandisestore.com/google+redesign/drinkware/mugs/red+shine+15+oz+mug.axd,10,0,0.0
https://shop.googlemerchandisestore.com/Google+Redesign/Bags/Essential+Canvas+Tote,10,1,133.0
https://shop.googlemerchandisestore.com/Google+Redesign/Apparel/Google+Grey+Tee,10,0,0.0
https://shop.googlemerchandisestore.com/Google+Redesign/Apparel/Google+Toddler+FC+Tee+Charcoal,10,1,93.0
https://shop.googlemerchandisestore.com/Google+Redesign/Office/Google+Pen+Bright+Blue,10,0,0.0
https://shop.googlemerchandisestore.com/Google+Redesign/Apparel/Google+NYC+Campus+Unisex+Tee,10,0,0.0
https://shop.googlemerchandisestore.com/Google+Redesign/Bags/Google+Incognito+Laptop+Organizer+V2,10,0,0.0
http://shop.googlemerchandisestore.com/Google+Redsign/Shop+by+Brand/,10,0,0.0
https://shop.googlemerchandisestore.com/Google+Redesign/Accessories/Google+Felt+Luggage+Tag,10,0,0.0
https://shop.googlemerchandisestore.com/Google+Redesign/Office/Google+Cork+Pencil+Pouch,10,1,50.0
https://shop.googlemerchandisestore.com/google+redesign/office/writing/maze+pen.axd,10,0,0.0
https://shop.googlemerchandisestore.com/Google+Redesign/Office/Google+Google+Confetti+Slim+Task+Pad,9,0,0.0
https://shop.googlemerchandisestore.com/Google+Redesign/Lifestyle/White+Google+Shoreline+Bottle,9,0,0.0
https://shop.googlemerchandisestore.com/basket.html),9,0,0.0
https://shop.googlemerchandisestore.com/google+redesign/apparel/quickview,9,0,0.0
https://shop.googlemerchandisestore.com/basket.html/home,9,0,0.0
https://shop.googlemerchandisestore.com/Google+Redesign/Accessories/Android+Lumberjack+Pin,9,0,0.0
https://shop.googlemerchandisestore.com/Google+Redesign/Apparel/Google+Toddler+Tee+White,9,1,25.0
https://shop.googlemerchandisestore.com/google+redesign/accessories/google+chrome+dinosaur+collectible,9,0,0.0
https://shop.googlemerchandisestore.com/Google+Redesign/Office/Android+Small+Trace+Journal+Bl,9,1,7.0
https://shop.googlemerchandisestore.com/canada,9,0,0.0
https://shop.googlemerchandisestore.com/yourinfo.html/home,9,0,0.0
https://shop.googlemerchandisestore.com/Google+Redesign/Apparel/Google+Austin+Campus+Zip+Hoodie,9,0,0.0
http://shop.googlemerchandisestore.com/Google+Redsign,9,0,0.0
https://shop.googlemerchandisestore.com/Google+Redesign/Stationery/Google+Cloud+Pen,9,0,0.0
https://shop.googlemerchandisestore.com/Google+Redesign/Office/Android+Large+Trace+Journal+Black,9,0,0.0
https://shop.googlemerchandisestore.com/Google+Redesign/Accessories/Google+Large+Pet+Collar+Blue+Green,9,0,0.0
https://shop.googlemerchandisestore.com/Google+Redesign/Bags/Google+Rolltop+Backpack+Reflective,9,0,0.0
https://shop.googlemerchandisestore.com/ordercompleted.html,9,9,837.0
https://shop.googlemerchandisestore.com/google+redesign/apparel/kids,9,0,0.0
https://shop.googlemerchandisestore.com/google+redesign/apparel/mens/mens+warm+gear,9,0,0.0
https://shop.googlemerchandisestore.com/Google+Redesign/Apparel/Google+Womens+Tech+Fleece+Vest+Charcoal,9,0,0.0
https://shop.googlemerchandisestore.com/Google+Redesign/Apparel/Google+SF+Campus+Zip+Hoodie,9,0,0.0
https://shop.googlemerchandisestore.com/Google+Redesign/Lifestyle/Fun/Malibu+Sunglasses+green.axd,9,0,0.0
http://shop.googlemerchandisestore.com/Google+Redsign/Shop+by+Brand,9,0,0.0
https://shop.googlemerchandisestore.com/Google+Redesign/Apparel/Android+Pocket+Youth+Tee+Green,8,0,0.0
https://shop.googlemerchandisestore.com/Google+Redesign/Bags/Google+Large+Tote+Canva,8,0,0.0
https://shop.googlemerchandisestore.com/yourinfo.html,8,1,115.0
https://shop.googlemerchandisestore.com/google+redesign/bags/backpacks/home,8,0,0.0
https://shop.googlemerchandisestore.com/Google+Redesign/,8,0,0.0
https://shop.googlemerchandisestore.com/google+redesign/apparel/hats/quickview,8,0,0.0
https://shop.googlemerchandisestore.com/Google+Redesign/Apparel/Android+Iconic+Beanie,8,1,10.0
https://shop.googlemerchandisestore.com/google+redesign/apparel/youtube+twill+cap+sandwich+black,8,0,0.0
https://shop.googlemerchandisestore.com/store-pol,8,0,0.0
https://shop.googlemerchandisestore.com/Google+Redesign/Office/Google+Pen+Neon+Coral,8,0,0.0
https://shop.googlemerchandisestore.com/google+redesign/new/quickview,8,0,0.0
https://shop.googlemerchandisestore.com/Google+Redesign/Accessories/Google+Bot+Multicolored,8,0,0.0
https://shop.googlemerchandisestore.com/basket.htmlvid=20160512512,8,1,0.0
https://shop.googlemerchandisestore.com/Google Redesign/Apparel,8,0,0.0
https://shop.googlemerchandisestore.com/google+redesign/nest/nest-usa/quickview,8,0,0.0
https://shop.googlemerchandisestore.com/basket.html/order-confirmed,8,0,0.0
https://shop.googlemerchandisestore.com/store-policies/terms-of-use/,8,0,0.0
https://shop.googlemerchandisestore.com/google+redesign/drinkware/youtube+25oz+gear+cap+bottle+black,7,0,0.0
https://shop.googlemerchandisestore.com/Google+Redesign/Accessories/Android+Super+Hero+3D+Framed+Art,7,0,0.0
http://shop.googlemerchandisestore.com/google+redesign/shop+,7,0,0.0
https://shop.googlemerchandisestore.com/Google+Redesign/Apparel/Google+PNW+Campus+Unisex+Tee,7,2,177.0
https://shop.googlemerchandisestore.com/Google+Redesign/Campus+Collection/Google+Sunnyvale+Campus+Mug,7,0,0.0
https://shop.googlemerchandisestore.com/google+redesign/drinkware/pixel+pen+black,7,0,0.0
https://shop.googlemerchandisestore.com/Google+Redesign/Apparel/Google+Womens+Pride+Eco-Tee+Black,7,1,60.0
https://shop.googlemerchandisestore.com/Google+Redesign/Drinkware/Google+Austin+Campus+Bottle,7,0,0.0
https://shop.googlemerchandisestore.com/Google+Redesign/Drinkware/Google+SF+Campus+Bottle,7,0,0.0
https://shop.googlemerchandisestore.com/Google+Redesign/Drinkware/Google+24oz+Ring+Bottle+Red,7,1,7.0
https://shop.googlemerchandisestore.com/Google+Redesign/Campus+Collection/Google+Mountain+View+Campus+Unisex+Tee,7,0,0.0
https://shop.googlemerchandisestore.com/Google+Redesign/Accessories/Google+Small+Cable+Organizer+Blue,7,0,0.0
https://shop.googlemerchandisestore.com/google+redesign/shop+by+brand/waze/waze+pack+of+9+decal+set.axd,7,0,0.0
https://shop.googlemerchandisestore.com/Google+Redesign/Office/Google+Recycled+Pen+Black,7,0,0.0
https://shop.googlemerchandisestore.com/google+redesign/lifestyle/small+goods,7,0,0.0
https://shop.googlemerchandisestore.com/Google+Redesign/Accessories/Google+NYC+Campus+Sticker,7,0,0.0
https://shop.googlemerchandisestore.com/Google+Redesign/Apparel/Google+Infant+Hero+Tee+Olive,7,1,40.0
https://shop.googlemerchandisestore.com/Google+Redesign/Apparel/Android+Iconic+Sock,7,0,0.0
https://shop.googlemerchandisestore.com/pagenotfound,7,0,0.0
http://shop.googlemerchandisestore.com/google,7,0,0.0
https://shop.googlemerchandisestore.com//,7,0,0.0
https://shop.googlemerchandisestore.com/Google+Redesign/Apparel/Android+Pocket+Youth+Tee+Navy,7,0,0.0
https://shop.googlemerchandisestore.com/basket.html+,7,0,0.0
https://shop.googlemerchandisestore.com/Google+Redesign/Office/Miscellaneous,7,0,0.0
https://shop.googlemerchandisestore.com/google redesign/apparel/mens,6,0,0.0
https://shop.googlemerchandisestore.com/Google+Redesign/Apparel/Google+Youth+FC+Longsleeve+Charcoal,6,0,0.0
https://shop.googlemerchandisestore.com/Google+Redesign/Apparel/Google+Mens+Discovery+Lt+Rain+Shell,6,0,0.0
http://shop.googlemerchandisestore.com/google+,6,0,0.0
https://shop.googlemerchandisestore.com/Google+Redesign/Apparel/Google+Tee+White,6,0,0.0
https://shop.googlemerchandisestore.com/Google+Redesign/Accessories/Android+SM+Sticker+Sheet,6,3,91.0
https://shop.googlemerchandisestore.com/Google+Redesign/Apparel/Google+SF+Campus+Unisex+Tee,6,0,0.0
https://shop.googlemerchandisestore.com/Google+Redesign/Accessories/Google+Cork+Key+Ring,6,0,0.0
https://shop.googlemerchandisestore.com/Google+Redesign/Office/Google+pen+grey,6,0,0.0
https://googlemerchandisestore.com//,6,0,0.0
https://shop.googlemerchandisestore.com/google+redesign/apparel.,6,0,0.0
https://shop.googlemerchandisestore.com/google+redesign/accessories/google+campus+bike,6,0,0.0
https://shop.googlemerchandisestore.com/Google+Redesign/Office/Google+Cork+Journal,6,0,0.0
https://shop.googlemerchandisestore.com/home-2,6,0,0.0
https://shop.googlemerchandisestore.com/Google+Redesign/Accessories/Google+Cork+Passport+Holder,6,1,90.0
http://shop.googlemerchandisestore.com/google+redesign/shop,6,0,0.0
https://shop.googlemerchandisestore.com/Google+Redesign/Office/Google+Recycled+Writing+Set,6,1,212.0
https://shop.googlemerchandisestore.com/Google+Redesign/Bags/Google+Totepak,6,0,0.0
https://shop.googlemerchandisestore.com/eco/organic+cotton+infant+bodysuit+-+white.axd,6,0,0.0
https://shop.googlemerchandisestore.com/Google+Redesign/Apparel/Google+LA+Campus+Unisex+Tee,6,0,0.0
https://shop.googlemerchandisestore.com/google+redesign/office/google+recycled+pen+black,6,0,0.0
https://shop.googlemerchandisestore.com/Y2VydGlmaW,6,0,0.0
http://shop.googlemerchandisestore.com/google+redesign/shop+by,6,0,0.0
https://shop.googlemerchandisestore.com/google+redesign/bags/google+la+campus+tote,6,0,0.0
https://shop.googlemerchandisestore.com/Google+Redesign/Apparel/Google+Google+Kids+Playful+Tee,6,0,0.0
https://shop.googlemerchandisestore.com/Google+Redesign/Apparel/Google+Chicago+Campus+Zip+Hoodie,6,1,0.0
https://shop.googlemerchandisestore.com/google+redesign/lifestyle,6,0,0.0
https://shop.googlemerchandisestore.com/Google+Redesign/Office/Google+Mural+Notebook,6,0,0.0
https://shop.googlemerchandisestore.com/orlando,5,0,0.0
https://shop.googlemerchandisestore.com/Google+Redesign/Office/Android+Iconic+Notebook,5,0,0.0
https://shop.googlemerchandisestore.com/google+redesign/apparel/womens/quickview,5,0,0.0
https://shop.googlemerchandisestore.com/Google+Redesign/Apparel/Stan+and+Friends+Onesie+Green,5,0,0.0
https://shop.googlemerchandisestore.com/Google+Redesign/Office/Google+Pen+Red,5,0,0.0
https://shop.googlemerchandisestore.com/Google+Redesign/Apparel/Womens/Womens+Warm+Gear,5,0,0.0
https://shop.googlemerchandisestore.com/Google+Redesign/Apparel/Youtube+Favorite+Tee+White,5,0,0.0
https://shop.googlemerchandisestore.com/Google+Redesign/Stationery/Android+Jotter+Task+Pad,5,0,0.0
https://shop.googlemerchandisestore.com/Google+Redesign/Apparel/IamRemarkable+Ladies+T-Shirt,5,0,0.0
https://shop.googlemerchandisestore.com/google+redesign/accessories/android+hipster+pin,5,0,0.0
https://shop.googlemerchandisestore.com/homeã€‚,5,0,0.0
https://shop.googlemerchandisestore.com/canada/store-policies/return-policy/,5,0,0.0
https://shop.googlemerchandisestore.com/*,5,0,0.0
https://shop.googlemerchandisestore.com/eco/organic+me-to-we+tee.axd,5,0,0.0
https://shop.googlemerchandisestore.com/basket.html/quickview,5,0,0.0
https://shop.googlemerchandisestore.com/Google+Re,5,0,0.0
https://shop.googlemerchandisestore.com/google+redesign/office/google+pen+grass+green,5,0,0.0
https://shop.googlemerchandisestore.com/google+redesign/apparel/google+cambridge+campus+zip+hoodie+sm,5,0,0.0
https://shop.googlemerchandisestore.com/google+redesign/lifestyle/drinkware/quickview,5,0,0.0
https://shop.googlemerchandisestore.com/google+redesign/shop+by+brand/android,5,0,0.0
https://shop.googlemerchandisestore.com/Goo,5,0,0.0
https://shop.googlemerchandisestore.com/Google+Redesign/Accessories/IamRemarkable+Lapel+Pin,5,0,0.0
https://shop.googlemerchandisestore.com/Google+Redesign/Gift+Cards/Gift+Card++50.00.axd,5,1,100.0
https://shop.googlemerchandisestore.com/Google+Redesign/Drinkware/Stainless+Bent+Straw+and+Cleaner,5,0,0.0
https://shop.googlemerchandisestore.com/Eco/Organic+Basic+T-Shirt.axd,5,0,0.0
http://shop.googlemerchandisestore.com/Google+Red,5,0,0.0
https://shop.googlemerchandisestore.com/Google+Redesign/Wearables/Men+s+T+Shirts/Men+s+Vintage+Heather+T+shirt.axd,5,0,0.0
https://shop.googlemerchandisestore.com/Google+Redesign/Wearables/Men+s+T-Shirts,5,0,0.0
https://shop.googlemerchandisestore.com/Google+Redesign/Drinkware/IamRemarkable+Water+Bottle,5,1,142.0
https://shop.googlemerchandisestore.com/Google+Redesign/Brands/Ingress/,5,0,0.0
http://shop.googlemerchandisestore.com/store.html,5,0,0.0
https://shop.googlemerchandisestore.com/google+redesign/accessories/android+puzzlebot+v2,5,0,0.0
https://shop.googlemerchandisestore.com/Index,5,0,0.0
http://shop.googlemerchandisestore.com/Google+Redesign/Bags,5,0,0.0
https://shop.googlemerchandisestore.com/eco/youtube+organic+cotton+t-shirt+-+black.axd,5,0,0.0
https://shop.googlemerchandisestore.com/home/nest/nest-usa,5,0,0.0
https://shop.googlemerchandisestore.com/Eco/Organic+Cotton+Infant+Bodysuit+-+White.axd,5,0,0.0
https://shop.googlemerchandisestore.com/Google+Redesign/ApparelGoogle+Beekeepers+Onesie+Pink,5,0,0.0
https://shop.googlemerchandisestore.com/Google+Redesign/Wearables/Men+s+T-Shirts/home,5,0,0.0
https://shop.googlemerchandisestore.com/Google+Redesign/Fun/home,5,0,0.0
https://shop.googlemerchandisestore.com/google+redesign/drinkware/google+24oz+ring+bottle+red,5,0,0.0
https://shop.googlemerchandisestore.com/Google+Redesign/Apparel/Android+Iconic+Hat+Green,5,0,0.0
https://shop.googlemerchandisestore.com/Google+Redesign/Apparel/Google+NYC+Campus+Ladies+Tee,4,1,14.0
https://shop.googlemerchandisestore.com/google+redesign/new+2015+logo/wireless+gaming+mouse.axd,4,0,0.0
https://shop.googlemerchandisestore.com/google+redesign/office/writing+instruments,4,0,0.0
https://shop.googlemerchandisestore.com/Google+Redesign/Accessories/Stickers/,4,0,0.0
https://shop.googlemerchandisestore.com/google+redesign/shop+by+brand,4,0,0.0
https://shop.googlemerchandisestore.com/Google+Redesign/Apparel/Headgear,4,0,0.0
https://shop.googlemerchandisestore.com/google+redesign/apparel/youtube+icon+tee+grey,4,0,0.0
https://shop.googlemerchandisestore.com/shop.axd/checkout,4,0,0.0
https://shop.googlemerchandisestore.com/google+redesign/apparel/mens/mens+t+shirts/quickview,4,0,0.0
https://shop.googlemerchandisestore.com/google+redesign/drinkware/google+thermal+bottle+white+with+box,4,0,0.0
https://shop.googlemerchandisestore.com/Google+Red,4,0,0.0
https://shop.googlemerchandisestore.com/eco/android+napa+perfect+bound+journal.axd,4,0,0.0
https://shop.googlemerchandisestore.com/Google+Redesign/Waze,4,0,0.0
https://shop.googlemerchandisestore.com/Google+Redesign/Drinkware/Google+Tudes+Thermal+Bottle,4,0,0.0
https://shop.googlemerchandisestore.com/Google+Redesign/Accessories/Google+Clear+Framed+Yellow+Shades,4,1,4.0
https://shop.googlemerchandisestore.com/eco/chrome+alloy+notepad.axd,4,0,0.0
https://shop.googlemerchandisestore.com/Google+Redesign/Accessories/Google+PNW+Campus+Sticker,4,0,0.0
https://shop.googlemerchandisestore.com/eco/android+window+pad+notebook.axd,4,0,0.0
https://shop.googlemerchandisestore.com/Probando,4,0,0.0
https://shop.googlemerchandisestore.com/Google+Redesign/Accessories/Electronic+Accessories,4,0,0.0
https://shop.googlemerchandisestore.com/Google+Redesign/Apparel/Google+Toddler+Hero+Tee+Black,4,1,99.0
https://shop.googlemerchandisestore.com/google+redesign/electronics/accessories/google+electronics+accessory+pouch.axd,4,0,0.0
https://shop.googlemerchandisestore.com/Google+Redesign/Gift+Cards/Gift+Card++100.00.axd,4,0,0.0
https://shop.googlemerchandisestore.com/store-policies/return-policy/home,4,0,0.0
https://shop.googlemerchandisestore.com/Google+Redesign/Office/Google+Google+Campus+Bike+Grid+Task+Pad,4,0,0.0
https://shop.googlemerchandisestore.com/revieworder.html,4,2,144.0
https://shop.googlemerchandisestore.com/google+redesign/brands/android/android+3+in+1+lens+pro.axd,4,0,0.0
https://shop.googlemerchandisestore.com/google+redesign/apparel/google+zip+hoodie+fc,4,0,0.0
https://shop.googlemerchandisestore.com/google+redesign/drinkware/mugs+and+cups,4,0,0.0
https://shop.googlemerchandisestore.com/google+redesign/kids/youtube+kids+tee+black,4,0,0.0
https://shop.googlemerchandisestore.com/google+redesign/drinkware/google+canteen+bottle+black,4,0,0.0
https://shop.googlemerchandisestore.com/eco/android,4,0,0.0
https://shop.googlemerchandisestore.com/google+redesign/bags/google+rolltop+backpack+reflective,4,0,0.0
https://shop.googlemerchandisestore.com/google+redesign/accessories/google+clear+framed+gray+shades,4,0,0.0
https://shop.googlemerchandisestore.com/Google+Redesign/Apparel/Google+Unisex+Google+Jumbo+Print+Tee+White,4,0,0.0
https://shop.googlemerchandisestore.com//google+redesign/shop+by+brand/youtube,4,0,0.0
http://shop.googlemerchandisestore.com/Google+,4,0,0.0
https://shop.googlemerchandisestore.com/Google+Redesign/Apparel/Google+Tonal+Tee+Coral,4,0,0.0
https://shop.googlemerchandisestore.com/Google Redesign/Accessories/Google Utensil Set,4,0,0.0
https://shop.googlemerchandisestore.com/Google+Redesign/Apparel/Google+Tonal+Tee+Spearmint,4,0,0.0
https://shop.googlemerchandisestore.com/Google+Redesign/Drinkware/Google+Cambridge+Campus+Mug,4,0,0.0
https://shop.googlemerchandisestore.com/page,4,0,0.0
https://shop.googlemerchandisestore.com/Google+Redesign/Bags/Google+LA+Campus+Tote,4,1,58.0
https://shop.googlemerchandisestore.com/google+redesign/accessories/bags/google+small+gift+bag+-+mosaic+pattern.axd,4,0,0.0
https://shop.googlemerchandisestore.com/Google+Redesign/Apparel/Google+Womens+Discovery,4,0,0.0
https://shop.googlemerchandisestore.com/Google+Redesign/Bags/Google+Mesh+Bag+Red,4,0,0.0
https://shop.googlemerchandisestore.com/Google+Redesign/Apparel/Google+SF+Campus+Ladies+Tee,4,0,0.0
https://shop.googlemerchandisestore.com/google redesign/apparel,4,0,0.0
https://shop.googlemerchandisestore.com/google+redesign/accessories/android+super+hero+3d+framed+art,4,0,0.0
https://shop.googlemerchandisestore.com/google+redesign/apparel/android+dino+buddies+tee+grey,4,0,0.0
https://shop.googlemerchandisestore.com/Google+Redesign/Campus+Collection/Google+Sunnyvale+Campus+Unisex+Tee,4,2,139.0
https://shop.googlemerchandisestore.com/Google+Redesign/Bags/IamRemarkable+Tote,4,0,0.0
https://shop.googlemerchandisestore.com/Google+Redesign/Apparel/Google+Austin+Campus+Unisex+Tee,4,1,27.0
https://shop.googlemerchandisestore.com/Google+Redesign/shop+by+brand/youtube,4,0,0.0
https://shop.googlemerchandisestore.com/Google+Redesign/Apparel/Android+Unisex+Track+Jacket+Black,4,0,0.0
https://shop.googlemerchandisestore.com/Google+Redesign/Apparel/Google+Mountain+View+Tee+Red,3,0,0.0
https://shop.googlemerchandisestore.com/google+redesign/apparel/mens/,3,0,0.0
https://shop.googlemerchandisestore.com/google+redesign/wearables/men+s+t-shirts/home,3,0,0.0
https://shop.googlemerchandisestore.com/google+redesign/apparel/men++s/men++s+outerwear,3,0,0.0
https://shop.googlemerchandisestore.com/Google Redesign/Shop by Brand/YouTube,3,0,0.0
https://shop.googlemerchandisestore.com/google+redesign/apparel/android+iconic+crew,3,0,0.0
https://shop.googlemerchandisestore.com/Google+Redesign/Apparel/Google+Flower+Onesie+Purple,3,0,0.0
https://shop.googlemerchandisestore.com/google+redesign/apparel/kids/quickview,3,0,0.0
https://shop.googlemerchandisestore.com/google+redesign/office/google+small+standard+journal+navy,3,0,0.0
https://shop.googlemerchandisestore.com/Google+Redesign/Lifestyle/Drinkware.,3,0,0.0
https://shop.googlemerchandisestore.com/Google+Redesign/Office/IamRemarkable+Journal,3,2,142.0
https://shop.googlemerchandisestore.com/google+redesign/shop+by+brand/google/Ã°Å¸ Â´Ã°Å¸ Â´Ã°Å¸ Â´Ã°Å¸ Â´bojack horsmanÃ°Å¸ Â´Ã°Å¸ Â´Ã°Å¸ Â´Ã°Å¸ Â´,3,0,0.0
https://shop.googlemerchandisestore.com/Google+Redesign/Apparel/Mens/Mens+Outerwear,3,0,0.0
http://shop.googlemerchandisestore.com/google+redesign/apparel/google+tee+blue,3,0,0.0
https://shop.googlemerchandisestore.com/signin.html/home,3,0,0.0
https://shop.googlemerchandisestore.com/google redesign/apparel/google infant hero onesie grey,3,0,0.0
https://shop.googlemerchandisestore.com/Google+Redesign/Apparel/Google+Tee+Dark+Blue,3,0,0.0
https://shop.googlemerchandisestore.com/Google+Redesign/Campus+Collection/Google+Sunnyvale+Campus+Ladies+Tee,3,1,34.0
https://shop.googlemerchandisestore.com/Google+Redesign/Apparel/Google+Cambridge+Campus+Zip+Hoodie+MD,3,0,0.0
https://shop.googlemerchandisestore.com/Google+Redesign/Accessories/Google+Large+Pet+Collar+Red+Yellow,3,0,0.0
http://shop.googlemerchandisestore.com/ideas,3,0,0.0
https://shop.googlemerchandisestore.com/google+redesign/wearables/men+s+t-shirts/men+s+vintage+heather+t-shirt.axd,3,0,0.0
https://shop.googlemerchandisestore.com/Google+Redesign/Drinkware/Google+Boulder+Campus+Mug,3,0,0.0
https://shop.googlemerchandisestore.com/Google+Redesign/TYCTWD,3,0,0.0
https://shop.googlemerchandisestore.com/google+redesign/accessories/google+blue+yoyo,3,0,0.0
http://shop.googlemerchandisestore.com/google+redesign/shop+by+,3,0,0.0
http://shop.googlemerchandisestore.com/Google+Redesign/Drinkware,3,0,0.0
https://shop.googlemerchandisestore.com/google+redesign/office/android+notebook+set+black,3,0,0.0
https://www.googlemerchandisestore.com/store.html,3,0,0.0
https://shop.googlemerchandisestore.com/Google+Redesign/Bags/Google+SF+Campus+Tote,3,0,0.0
https://shop.googlemerchandisestore.com/Google+Redesign/Accessories/Google+Separating+Keyring,3,0,0.0
https://shop.googlemerchandisestore.com/Google+Redesign/Campus+Collection/Google+Sunnyvale+Campus+Sticker,3,0,0.0
https://shop.googlemerchandisestore.com/Google+Redesign/spring+sale,3,0,0.0
https://shop.googlemerchandisestore.com/tuvieja,3,0,0.0
https://shop.googlemerchandisestore.com/Google+Redesign/Wearables/,3,0,0.0
https://shop.googlemerchandisestore.com/google+redesign/accessories/google+magnet,3,0,0.0
https://shop.googlemerchandisestore.com/xxxx,3,0,0.0
https://shop.googlemerchandisestore.com/google+redesign/apparel/google+nyc+campus+zip+hoodie,3,0,0.0
https://shop.googlemerchandisestore.com/google+redesign/bags/google+seaport+tote,3,0,0.0
https://shop.googlemerchandisestore.com/Google+Redesign/Apparel/Android+Pocket+Onesie+White,3,0,0.0
https://shop.googlemerchandisestore.com/vectoreo,3,0,0.0
https://shop.googlemerchandisestore.com/Google+Redesign/Electronics/Audio/Google+G+Noise+reducing+Bluetooth+Headphones.axd,3,0,0.0
https://shop.googlemerchandisestore.com/Google+Redesign/Accessories/Google+Clear+Framed+Blue+Shades,3,1,113.0
https://shop.googlemerchandisestore.com/Google+Redesign/Apparel/Android+Pocket+Toddler+Tee+White,3,0,0.0
https://shop.googlemerchandisestore.com/google+redesign/apparel/google+badge+heavyweight+pullover+black,3,0,0.0
https://shop.googlemerchandisestore.com/Google+Redesign/Drinkware/Google+Bottle+Cleaner,3,0,0.0
https://shop.googlemerchandisestore.com/(canada),3,0,0.0
https://shop.googlemerchandisestore.com/Google+Redesign/Apparel/Google+Mountain+View+Tee+Blue,3,0,0.0
https://shop.googlemerchandisestore.com/error.html,3,0,0.0
https://shop.googlemerchandisestore.com/google,3,0,0.0
https://shop.googlemerchandisestore.com/google+redesign/lifestyle/fun/google+kick+ball.axd,3,0,0.0
https://shop.googlemerchandisestore.com/google+redesign/gift+cards,3,0,0.0
https://shop.googlemerchandisestore.com/google+redesign/apparel/android+iconic+hat+green,3,0,0.0
https://shop.googlemerchandisestore.com/Google+Redesign/Apparel/Google+Youth+Hero+Tee+Grey,3,0,0.0
https://shop.googlemerchandisestore.com/Google+Redesign/Accessories/Google+Medium+Pet+Collar+Red+Yellow,3,0,0.0
https://shop.googlemerchandisestore.com/google+redesign/apparel/youtube+icon+hoodie+black,3,0,0.0
https://shop.googlemerchandisestore.com/Google+Redesign/Accessories/Android+Iconic+4in+Decal,3,0,0.0
https://shop.googlemerchandisestore.com/Google+Redesign/Wearables/Men+s+T-Shirts/index,3,0,0.0
https://shop.googlemerchandisestore.com/Google+Redesign/Campus+Collection/Google+Mountain+View+Campus+Sticker,3,0,0.0
https://shop.googlemerchandisestore.com/Google+Redesign/Google+Land+and+Sea+French+Terry+Sweatshirt),3,0,0.0
https://shop.googlemerchandisestore.com/google+redesign/apparel/google+mens+softshell+moss,3,0,0.0
https://shop.googlemerchandisestore.com/Google+Redesign/Office/Google+Pen+Citron,3,0,0.0
https://shop.googlemerchandisestore.com/google+redesign/accessories/fun/android+luggage+tag.axd,3,0,0.0
https://shop.googlemerchandisestore.com/roruizf,3,0,0.0
https://shop.googlemerchandisestore.com./,3,0,0.0
https://shop.googlemerchandisestore.com/ (Canada),3,0,0.0
https://shop.googlemerchandisestore.com/Google+Redesign/Office/Google+Google+Pen+Navy,3,0,0.0
https://shop.googlemerchandisestore.com/google+redesign/apparel/google+mens+tech+fleece+grey,3,0,0.0
https://shop.googlemerchandisestore.com/Google+Redesign/Apparel/Android+Pocket+Toddler+Tee+Navy,3,0,0.0
https://shop.googlemerchandisestore.com/Google+Redesign/bags/water+bottles+and+tumblers,3,0,0.0
https://shop.googlemerchandisestore.com/Google+Redesign/Apparel/Google+PNW+Campus+Zip+Hoodie,3,0,0.0
https://shop.googlemerchandisestore.com/Google+Redesign/Apparel/Google+Boulder+Campus+Zip+Hoodie,3,1,64.0
https://shop.googlemerchandisestore.com/payment.html,3,1,125.0
https://shop.googlemerchandisestore.com/google+redesign/apparel/google+unisex+eco+tee+black,3,0,0.0
https://shop.googlemerchandisestore.com/google+redesign/shop+by+brand/quickview,3,0,0.0
https://shop.googlemerchandisestore.com/Google+Redesign/R29vZ2xlK0,3,0,0.0
https://shop.googlemerchandisestore.com/Google+Redesign/Drinkware/Google+LA+Campus+Mug,3,0,0.0
https://shop.googlemerchandisestore.com/Google+Redesign,3,0,0.0
https://shop.googlemerchandisestore.com/Google+Redesign/Drinkware/Google+Seattle+Campus+Mug,3,0,0.0
https://shop.googlemerchandisestore.com/google+redesign/apparel/google+badge+heavyweight+pullover+black+sm,2,0,0.0
https://shop.googlemerchandisestore.com/new/new-drinkware/,2,0,0.0
https://shop.googlemerchandisestore.com/eco/organic+android+dog+collar.axd,2,0,0.0
https://shop.googlemerchandisestore.com/google+redesign/bags/google+chicago+campus+tote,2,0,0.0
https://shop.googlemerchandisestore.com/Google+Redesign/Office/IamRemarkable+Pen,2,0,0.0
https://shop.googlemerchandisestore.com/google+redesign/drinkware/google+boulder+campus+mug,2,0,0.0
https://shop.googlemerchandisestore.com/Google+R,2,0,0.0
https://shop.googlemerchandisestore.com/google+redesign/accessories/google+medium+pet+leash+red+yellow,2,0,0.0
https://shop.googlemerchandisestore.com/Google+Redesign/Bags/Google+Google+Campus+Bike+Carry+Pouch,2,0,0.0
https://shop.googlemerchandisestore.com/Google+Redesign/Wearables/Headwear/Android+Unwashed+Chino+Twill+Cap.axd,2,0,0.0
https://shop.googlemerchandisestore.com/rafaelvega,2,0,0.0
https://shop.googlemerchandisestore.com/google+redesign/accessories/google+tech+taco,2,0,0.0
https://shop.googlemerchandisestore.com/Google+Redesign/Shop+by+Brand/Waze+Dress+Socks.axd,2,0,0.0
https://shop.googlemerchandisestore.com/topsellers/galaxy+screen+cleaning+cloth.axd/quickview,2,0,0.0
https://shop.googlemerchandisestore.com/Google+Redesign/Apparel/Google+Youth+Jumbo+Print+Tee+White,2,0,0.0
https://shop.googlemerchandisestore.com/Google+Redesign/Accessories/Google+Austin+Campus+Lapel+Pin,2,0,0.0
https://shop.googlemerchandisestore.com/google+redesign/shop+by+brand/google/ðŸ ´ðŸ ´ðŸ ´ðŸ ´bojack horsmanðŸ ´ðŸ ´ðŸ ´ðŸ ´,2,0,0.0
https://shop.googlemerchandisestore.com/eco/organic+cotton+toddler+tee+-+white.axd,2,0,0.0
https://shop.googlemerchandisestore.com/Google+Redesign/Bags/Google+Cambridge+Campus+Tote,2,0,0.0
https://shop.googlemerchandisestore.com/google+redesign/apparelgoogle+beekeepers+youth+tee+pink,2,0,0.0
https://shop.googlemerchandisestore.com/google+redesign/accessories/google+nyc+campus+lapel+pin,2,0,0.0
https://shop.googlemerchandisestore.com/topsellers/home,2,0,0.0
http://shop.googlemerchandisestore.com/google+redesign/lifestyle/bags,2,0,0.0
https://shop.googlemerchandisestore.com/Google+Redesign/Bags/Google+Google+Striped+Penny+Pouch,2,0,0.0
https://www.googlemerchandisestore.com./,2,0,0.0
https://shop.googlemerchandisestore.com/Google+Redesign/Drinkware/Google+Felt+Mason+Jar,2,0,0.0
https://shop.googlemerchandisestore.com/Google Redesign/Stationery,2,0,0.0
https://shop.googlemerchandisestore.com/clearance/clearance-apparel/,2,0,0.0
https://shop.googlemerchandisestore.com/new/new-accessories/,2,0,0.0
http://shop.googlemerchandisestore.com/google+redesign/electronics,2,0,0.0
https://shop.googlemerchandisestore.com/store-policies/frequently-asked-questions/returns,2,0,0.0
https://shop.googlemerchandisestore.com/Google+Redesign/Office/,2,0,0.0
https://shop.googlemerchandisestore.com/google+redesign/apparel/google+black+tee,2,0,0.0
https://shop.googlemerchandisestore.com/google+redesign/apparel/women+s/women+s+t+shirts,2,0,0.0
https://shop.googlemerchandisestore.com/google+redesign/accessories/google+emoji+sticker+pack+2+sheet,2,0,0.0
https://shop.googlemerchandisestore.com/Google+Redesign/Accessories/Google+PNW+Campus+Lapel+Pin,2,0,0.0
https://shop.googlemerchandisestore.com/Eco/Youth+Black+is+Back+Tee.axd,2,0,0.0
https://shop.googlemerchandisestore.com/google+redesign/accessories/candy+cane+android+cardboard+sculpture,2,0,0.0
https://shop.googlemerchandisestore.com/store-policies/privacy-policy,2,0,0.0
https://shop.googlemerchandisestore.com/google+redesign/apparel/google+land+and+sea+cotton+cap+ls,2,0,0.0
https://shop.googlemerchandisestore.com/google+redesign/apparel/google+navy+speckled+tee,2,0,0.0
https://shop.googlemerchandisestore.com/Google+Redesign/Accessories/Android+Hipster+Pin,2,0,0.0
https://shop.googlemerchandisestore.com/google+redesign/accessories/google+cloth+pouch+black,2,0,0.0
https://shop.googlemerchandisestore.com/Google+Redesign/Bags/Google+Mural+Tote,2,0,0.0
https://shop.googlemerchandisestore.com/google+redesign/bags/essential+canvas+tote,2,0,0.0
https://shop.googlemerchandisestore.com/Google Redesign/Super G Unisex Joggers,2,0,0.0
https://shop.googlemerchandisestore.com/google+redesign/accessories/android+large+removable+sticker+sheet,2,0,0.0
https://shop.googlemerchandisestore.com/certi,2,0,0.0
https://shop.googlemerchandisestore.com/Google+Redesign/Lifestyle/Google+Aluminum+Bottle+Red,2,0,0.0
https://shop.googlemerchandisestore.com/Google+Redesign/Apparel/Google+Cambridge+Campus+Unisex+Tee,2,0,0.0
https://shop.googlemerchandisestore.com/Google+Redesign/ApparelGoogle+Beekeepers+Toddler+Tee+Pink,2,1,30.0
https://shop.googlemerchandisestore.com/Google+Redesign/Apparel/Google+Youth+Badge+Tee+Olive,2,1,27.0
https://shop.googlemerchandisestore.com/Google+Redesign/Office/Google+Light+Up+Pen+Red,2,0,0.0
https://shop.googlemerchandisestore.com/google+redesign/bags/google+rolltop+backpack+blue,2,0,0.0
https://shop.googlemerchandisestore.com/google+redesign/apparel/google+heather+green+speckled+tee,2,0,0.0
https://shop.googlemerchandisestore.com/Google+Redesign/Apparel/Google+Cambridge+Campus+Zip+Hoodie+XL,2,0,0.0
http://shop.googlemerchandisestore.com/google+redesign/shop+by+brand/youtube/quickview,2,0,0.0
https://shop.googlemerchandisestore.com/jostin,2,0,0.0
https://shop.googlemerchandisestore.com/google redesign/apparel/android world cup tee,2,0,0.0
https://shop.googlemerchandisestore.com/Google+Redesign/Kids/Google+Trike+Tee+Black,2,0,0.0
https://shop.googlemerchandisestore.com/google+redesign/drinkware/water+bottles,2,0,0.0
https://shop.googlemerchandisestore.com/Google+Redesign/Accessories/Android+Iconic+Pin,2,0,0.0
https://shop.googlemerchandisestore.com/Google+Redesign/Apparel/Stan+and+Friends+Toddler+Tee+Green,2,0,0.0
https://shop.googlemerchandisestore.com/youtube,2,0,0.0
https://shop.googlemerchandisestore.com/Google+Redesign/Accessories/Android+Geek+Pin,2,0,0.0
https://shop.googlemerchandisestore.com/google+redesign/nest/nest+detect,2,0,0.0
https://shop.googlemerchandisestore.com/Google Redesign/eco friendly,2,0,0.0
https://shop.googlemerchandisestore.com/Google+Redesign/Google+Land+and+Sea+French+Terry+Sweatshirt+LS,2,0,0.0
https://shop.googlemerchandisestore.com/google+redesign/kids/google+standard+onesie+green,2,0,0.0
https://shop.googlemerchandisestore.com/Google+Redesign/Nest/Nest+USA/Nest+Learning+Thermostat+3rd+Gen+USA+Stainless+Steel.axd,2,0,0.0
https://shop.googlemerchandisestore.com/Google+Redesign/Apparel/Google+Tee+FC+Black+MD,2,0,0.0
https://shop.googlemerchandisestore.com/Google+Redesign/Apparel/Google+NYC+Campus+Zip+Hoodie+XS,2,0,0.0
"https://shop.googlemerchandisestore.com/,",2,0,0.0
http://shop.googlemerchandisestore.com/google redesign/gift cards,2,0,0.0
https://shop.googlemerchandisestore.com/google redesign/apparel/mens/mens t shirts,2,0,0.0
https://shop.googlemerchandisestore.com/google+redesign/brands/youtube/home,2,0,0.0
http://shop.googlemerchandisestore.com/google+redesign/shop+by+brand,2,0,0.0
https://shop.googlemerchandisestore.com/google+redesign/lifestyle/quickview,2,0,0.0
https://shop.googlemerchandisestore.com/Google+Redesign/Bag,2,0,0.0
https://shop.googlemerchandisestore.com/google+redesign/bags/backpacks//quickview,2,0,0.0
https://shop.googlemerchandisestore.com/store-policies/privacy-policy/home,2,0,0.0
https://shop.googlemerchandisestore.com/Google+Redesign/Campus+Collection/Google+Sunnyvale+Campus+Tote,2,0,0.0
https://shop.googlemerchandisestore.com/Google+Redesign/Drinkware/Google+PNW+Campus+Mug,2,0,0.0
https://shop.googlemerchandisestore.com/eco/recycled+plastic+bottle+hoodie+-+green.axd,2,0,0.0
https://shop.googlemerchandisestore.com/Google+Redesign/Bags/Google+Austin+Campus+Tote,2,0,0.0
https://shop.googlemerchandisestore.com/Google+â€¦,2,0,0.0
https://shop.googlemerchandisestore.com/google+redesign/accessories/electronic+accessories,2,0,0.0
https://shop.googlemerchandisestore.com/index,2,0,0.0
https://shop.googlemerchandisestore.com/Google+Redesign/Drinkware/Google+Cambridge+Campus+Bottle,2,0,0.0
https://shop.googlemerchandisestore.com/google redesign/apparel/headgear/google trucker hat.axd,2,0,0.0
https://shop.googlemerchandisestore.com/Google+Redesign/Drinkware/Google+Chicago+Campus+Mug,2,1,50.0
https://shop.googlemerchandisestore.com/Google Redesign/Accessories/Google See no hear no set,2,0,0.0
https://shop.googlemerchandisestore.com/Google+Redesign/Accessories/Google+Cambridge+Campus+Lapel+Pin,2,0,0.0
https://shop.googlemerchandisestore.com/google+redesign/apparel/ladies+t-shirts/ladies+not+for+sale+t-shirt.axd,2,0,0.0
https://shop.googlemerchandisestore.com/google+redesign/drinkware/google+16oz+glass+bottle+green,2,0,0.0
https://shop.googlemerchandisestore.com/google+redesign/apparel/socks/quickview,2,0,0.0
https://shop.googlemerchandisestore.com/Google+Redesign/Apparel/Men+s+T-Shirts/home,2,0,0.0
https://shop.googlemerchandisestore.com/google+redesign/accessories/google+bellevue+campus+sticker,2,0,0.0
http://shop.googlemerchandisestore.com/google+red,2,0,0.0
https://shop.googlemerchandisestore.com/google+redesign/apparel/google+crew+grey,2,0,0.0
https://shop.googlemerchandisestore.com/Google+Redesign/New/luissarno,2,0,0.0
https://shop.googlemerchandisestore.com/Google+Redesign/Lifestyle/Fun/Windup+Android.axd,2,0,0.0
https://shop.googlemerchandisestore.com/Google+Redesign/Apparel/Google+Youth+Hero+Tee+Maroon,2,0,0.0
https://shop.googlemerchandisestore.com/google redesign/apparel/headgear,2,0,0.0
https://shop.googlemerchandisestore.com/Google+Redesign/Accessories/Google+Wallet+Stand+Black,2,0,0.0
http://shop.googlemerchandisestore.com/Google Redesign/Accessories/Google Campus Bike,2,0,0.0
https://shop.googlemerchandisestore.com/Google+Redesign/Drinkware/Google+SF+Campus+Mug,2,0,0.0
https://shop.googlemerchandisestore.com/Google+Redesign/Gift+Cards/Gift+Card++25.00.axd,2,1,25.0
https://shop.googlemerchandisestore.com/google+redesign/apparel/android+coachs+jacket+black,2,0,0.0
http://shop.googlemerchandisestore.com/google+redesign/bags/google+utility+backpack,2,0,0.0
https://shop.googlemerchandisestore.com/store.ht,2,0,0.0
https://shop.googlemerchandisestore.com/google+redesign/accessoriesðŸ˜ƒðŸ‘ ,2,0,0.0
https://shop.googlemerchandisestore.com/shop.axd/SubmitOrder,2,0,0.0
https://shop.googlemerchandisestore.com/Google+Redesign/Brands/Go/,2,0,0.0
https://shop.googlemerchandisestore.com/â€‹,2,0,0.0
https://shop.googlemerchandisestore.com/Google+Redesign/Drinkware/Google+Thermal+Bottle+White+with+box,2,0,0.0
https://shop.googlemerchandisestore.com/google+redesign/electronics/quickview,2,0,0.0
https://shop.googlemerchandisestore.com/google+redesign/nest/nest+yale+lock+satin+nickel,2,0,0.0
https://shop.googlemerchandisestore.com/https://support.google.com/analytics/answer/6367342,2,0,0.0
https://shop.googlemerchandisestore.com/details/New/New/GGL1720_Google Notabag - Blue,2,0,0.0
https://shop.googlemerchandisestore.com///,2,0,0.0
https://shop.googlemerchandisestore.com/google+redesign/apparel/stan+and+friends+tee+green,2,0,0.0
https://shop.googlemerchandisestore.com/registersuccess/.html,2,0,0.0
https://shop.googlemerchandisestore.com/google+redesign/shop+by+brand/google/quickview,2,0,0.0
https://shop.googlemerchandisestore.com/Google+Redesign/Google+Land+and+Sea+Mug+LS,2,0,0.0
https://shop.googlemerchandisestore.com//asearch.html,2,0,0.0
https://shop.googlemerchandisestore.com/google+redesign/accessories/android+sm+sticker+sheet,2,0,0.0
https://shop.googlemerchandisestore.com/Google+Redesign/Drinkware/Google+Chicago+Campus+Bottle,2,0,0.0
https://shop.googlemerchandisestore.com/Google+Redesign/Apparel/Google+Chicago+Campus+Unisex+Tee,2,2,46.0
https://shop.googlemerchandisestore.com/Google+Redesign/Accessories/Google+Medium+Pet+Leash+Blue+Green,2,0,0.0
https://shop.googlemerchandisestore.com/google+redesign/apparel/google+tonal+tee+slate+grey+xl,2,0,0.0
https://shop.googlemerchandisestore.com/Google+Redesign/Apparel/Android+Dino+Buddies+Tee+Grey,2,0,0.0
https://shop.googlemerchandisestore.com/Google+Redesign/Brands/Go/Go+Gopher+Pink+Squishable.axd,2,0,0.0
https://shop.googlemerchandisestore.com/Google+Redesign/Apparel/Google+Womens+Kirkland+Pullover,2,0,0.0
https://shop.googlemerchandisestore.com/google+redesign/accessories/google+separating+keyring,2,0,0.0
http://shop.googlemerchandisestore.com/google+re,1,0,0.0
https://shop.googlemerchandisestore.com/google+redesign/lifestyle/fun/malibu+sunglasses.axd,1,0,0.0
https://shop.googlemerchandisestore.com/google+redesign/apparel/android+iconic+hat+white,1,0,0.0
https://shop.googlemerchandisestore.com/default.aspx,1,0,0.0
https://shop.googlemerchandisestore.com/google+redesign/apparel/google+womens+grid+zip+up+md,1,0,0.0
https://shop.googlemerchandisestore.com/Google+Redesign/Accessories/Google+Kirkland+Campus+Lapel+Pin,1,0,0.0
https://shop.googlemerchandisestore.com/google+redesign/shop+by+brand/youtube/mayttevc86@,1,0,0.0
https://shop.googlemerchandisestore.com/Google Redesign/Stationery/Notebooks,1,0,0.0
https://shop.googlemerchandisestore.com/Google+Redesign/Accessories/Google+LA+Campus+Lapel+Pin/robot.txt,1,0,0.0
https://shop.googlemerchandisestore.com/google+redesign/office/google+cork+pencil+pouch,1,0,0.0
https://shop.googlemerchandisestore.com/google+redesign/drinkware/google+camp+mug+ivory,1,0,0.0
https://shop.googlemerchandisestore.com/Google+Redesign/New+2015+Logo/Prop+Device+Cradle.axd,1,0,0.0
https://shop.googlemerchandisestore.com/Google Redesign/Apparel/Google Womens Discovery,1,0,0.0
https://shop.googlemerchandisestore.com/Google+Redesign/Apparel/Mens/quickview,1,0,0.0
https://shop.googlemerchandisestore.com/Google+Redesign/Apparel/Google+NYC+Campus+Unisex+Tee+MD,1,0,0.0
https://shop.googlemerchandisestore.com/google+redesign/lifestyle/fun/windup+android.axd,1,0,0.0
https://shop.googlemerchandisestore.com/Google+Redesign/Apparel/Google+Cambridge+Campus+Ladies+Tee,1,0,0.0
https://shop.googlemerchandisestore.com/google+redesign/apparel/google+austin+campus+zip+hoodie,1,0,0.0
https://shop.googlemerchandisestore.com/Eco/home,1,0,0.0
https://shop.googlemerchandisestore.com/google+redesign/accessories/pet/crunch+noise+dog+toy.axd,1,0,0.0
https://shop.googlemerchandisestore.com/shop.axd/resetpassword,1,0,0.0
https://shop.googlemerchandisestore.com/google+redesign/accessories/google+laptop+sleeve+charcoal,1,0,0.0
https://shop.googlemerchandisestore.com/google+redesign/drinkware/google+bike+bottle,1,0,0.0
https://shop.googlemerchandisestore.com/google+redesign/apparel/google+navy+speckled+tee+sm,1,0,0.0
https://shop.googlemerchandisestore.com//google+redesign/apparel/mens/quickview,1,0,0.0
https://shop.googlemerchandisestore.com/Google+Redesign/Brands/Android/,1,0,0.0
https://shop.googlemerchandisestore.com/google+redesign/drinkware/google+super+g+tumbler+blue+lid,1,0,0.0
https://shop.googlemerchandisestore.com/google+redesign/bags/google+nyc+campus+tote,1,0,0.0
https://shop.googlemerchandisestore.com/Google+Redesign/Kids/Google+Cappy+Bib+White,1,0,0.0
https://shop.googlemerchandisestore.com/google+redesign/accessories/google+redesign/electronics/google+redesign/electronics/google+redesign/accessories/google+redesign/accessories/sports++fitness,1,0,0.0
https://shop.googlemerchandisestore.com/www.fb.com,1,0,0.0
https://shop.googlemerchandisestore.com/google+redesign/apparel/google+cambridge+campus+unisex+tee,1,0,0.0
"https://shop.googlemerchandisestore.com/Google+Redesign/Apparel/Google+Dino+Game+Tee,2941,4,0.0013600816048962938",1,0,0.0
https://shop.googlemerchandisestore.com/Google Redesign/Accessories/Android Lumberjack Pin,1,0,0.0
https://shop.googlemerchandisestore.com/Google+Redesign/Apparel/YouTube+Standards+Zip+Hoodie+Black+XS,1,0,0.0
https://shop.googlemerchandisestore.com/google+redesign/apparel/android+toddler+circle+tee,1,0,0.0
https://shop.googlemerchandisestore.com/ case study,1,0,0.0
https://shop.googlemerchandisestore.com/Google+Redesign/Drinkware/Mugs/Android+4oz+Rise+Mug.axd,1,0,0.0
https://shop.googlemerchandisestore.com/google+redesign/accessories/google+mural+sticker+sheet,1,0,0.0
https://shop.googlemerchandisestore.com/google+redesign/accessories/drinkware/skyline+metro+mug.axd,1,0,0.0
https://shop.googlemerchandisestore.com/Google+Redesign/Apparel/Google+Men+s+Google+Weatherblock+Shell+Black.axd,1,0,0.0
https://shop.googlemerchandisestore.com/Google+Redesign/Wearables/Men+s+T-Shirts/Bamboo+Men+s+T-Shirt.axd,1,0,0.0
https://shop.googlemerchandisestore.com/google+redesign/apparel/kids/kids+youth/android+youth+short+sleeve+tshirt+aqua.axd,1,0,0.0
https://shop.googlemerchandisestore.com/Google+Redesign/Apparel/Men+s+T+Shirts/Google+Mens+Skater+Tee+grey.axd,1,0,0.0
https://shop.googlemerchandisestore.com/vianey,1,0,0.0
https://shop.googlemerchandisestore.com/Google+Redesign/Shop+by+Brand/Google+Redesign/Apparel/YouTube+Leather+Strap+Hat+Black,1,0,0.0
https://shop.googlemerchandisestore.com/Google+Redesign/Apparel/Womens/Womens+Outerwear,1,0,0.0
https://shop.googlemerchandisestore.com/google+redesign/apparel/mens+outerwear/google+mens+zip+hoodie+2xl.axd,1,0,0.0
http://shop.googlemerchandisestore.com/googl,1,0,0.0
https://shop.googlemerchandisestore.com/Doodles+On+Demand/cid=935/shop.axd/Category,1,0,0.0
"https://shop.googlemerchandisestore.com/Google+Redesign/Apparel/Google+Dino+Game+Tee,1616345,14975,0.009264729992668645",1,0,0.0
https://shop.googlemerchandisestore.com/plat,1,0,0.0
https://shop.googlemerchandisestore.com//basket.html,1,0,0.0
https://shop.googlemerchandisestore.com/.jsp/JsessionID=,1,0,0.0
"https://shop.googlemerchandisestore.com/Google+Redesign/Apparel/Google+Dino+Game+Tee,451491,580,0.0012846324732940413",1,0,0.0
https://shop.googlemerchandisestore.com/New/Cross+Calais+Pen.axd,1,0,0.0
https://shop.googlemerchandisestore.com//login,1,0,0.0
https://shop.googlemerchandisestore.com/chrome-extension://pebplbnpogfdllkijjlabbjbbngdadjl/ntp2.html,1,0,0.0
https://shop.googlemerchandisestore.com/google+redesign/accessories/google+clear+framed+yellow+shades,1,0,0.0
https://shop.googlemerchandisestore.com/basket.htm,1,0,0.0
https://shop.googlemerchandisestore.com/google+redesign/electronics/audio/quickview,1,0,0.0
http://shop.googlemerchandisestore.com/google+redesign/apparel/kids,1,0,0.0
https://shop.googlemerchandisestore.com/Eco/Organic+Me-To-We+Tee.axd,1,0,0.0
https://shop.googlemerchandisestore.com/store.html/home,1,0,0.0
https://shop.googlemerchandisestore.com/Google+Redesign/Accessories/Google+Cambridge+Campus+Sticker,1,0,0.0
https://shop.googlemerchandisestore.com/Google+Redesign/Apparel/Google+Sherpa+Zip+Hoodie+Charcoal ),1,0,0.0
https://googlemerchandisestore.com/efaraneda,1,0,0.0
https://shop.googlemerchandisestore.com/google redesign/apparel/womens/womens tshirts/google womens vneck tee g.axd,1,0,0.0
https://shop.googlemerchandisestore.com/google+redesign/drinkware/google+16oz+tumbler+blue,1,0,0.0
http://shop.googlemerchandisestore.com/google+redesign/apparel/mens,1,0,0.0
https://shop.googlemerchandisestore.com/google+redesign/apparel/google+badge+heavyweight+pullover+black+xl,1,0,0.0
https://shop.googlemerchandisestore.com/+,1,0,0.0
https://shop.googlemerchandisestore.com/new/new-bags/home,1,0,0.0
https://shop.googlemerchandisestore.com/Google+Redesign/clearance,1,0,0.0
https://shop.googlemerchandisestore.com/Eco/25oz+Recycled+Infuser+Bottle.axd,1,0,0.0
https://shop.googlemerchandisestore.com/google+redesign/apparel/google+toddler+fc+zip+hoodie,1,0,0.0
https://shop.googlemerchandisestore.com/google+redesign/office/google+light+up+pen+blue,1,0,0.0
https://shop.googlemerchandisestore.com/google+redesign/accessories/stickers+and+decals//quickview,1,0,0.0
https://shop.googlemerchandisestore.com/google+redesign/apparel/google+land+and+sea+unisex+tee,1,0,0.0
https://shop.googlemerchandisestore.com/google+redesign/apparel/google+google+striped+tank,1,0,0.0
https://shop.googlemerchandisestore.com/google+redesign/accessories/google+felt+strap+keyring,1,0,0.0
"https://shop.googlemerchandisestore.com/Tips/requests",1,0,0.0
https://shop.googlemerchandisestore.com/tu_cora,1,0,0.0
http://shop.googlemerchandisestore.com/Google Zip Hoodie F/C,1,0,0.0
https://shop.googlemerchandisestore.com/google+redesign/accessories/google+large+pet+leash+red+yellow,1,0,0.0
https://shop.googlemerchandisestore.com/Google+Redesign/Accessories/Google+Seattle+Campus+Sticker,1,0,0.0
https://shop.googlemerchandisestore.com/oko,1,0,0.0
https://shop.googlemerchandisestore.com/google+redesign/apparel/google+womens+tech+fleece+grey,1,0,0.0
https://shop.googlemerchandisestore.com/301-http-169.254.169.254:80-.x.xml,1,0,0.0
https://shop.googlemerchandisestore.com/google+redesign/accessories/google+boulder+campus+sticker,1,0,0.0
https://shop.googlemerchandisestore.com/Eco/Android+Napa+Perfect+Bound+Journal.axd,1,0,0.0
https://shop.googlemerchandisestore.com/osidfusldkfslkdfj,1,0,0.0
https://shop.googlemerchandisestore.com/google+redesign/bag/totes/google+lunch+bag.axd,1,0,0.0
https://shop.googlemerchandisestore.com/google+redesign/apparel/google+youth+google+pocket+tee+blue,1,0,0.0
https://shop.googlemerchandisestore.com/google+redesign/accessories/android+iconic+sticker+sheet,1,0,0.0
https://shop.googlemerchandisestore.com/Google+Redesign/Apparel/Google+Heathered+Pom+BeanieThis,1,0,0.0
https://shop.googlemerchandisestore.com/Google+Redesign/Shop+By+Brand/Youtube,1,0,0.0
https://shop.googlemerchandisestore.com/google+redesign/drinkware/google+cambridge+campus+bottle,1,0,0.0
https://shop.googlemerchandisestore.com/google+redesign/bags/google+mural+tote,1,0,0.0
https://shop.googlemerchandisestore.com/Google+Redesign/Campus+Collection/Google+Mountain+View+Campus+Ladies+Tee,1,1,42.0
https://shop.googlemerchandisestore.com/shop.axd/OrderDetails,1,0,0.0
http://shop.googlemerchandisestore.com/google+redesign/bags/google+utility+,1,0,0.0
http://shop.googlemerchandisestore.com/google+redesign/bags/google+ut,1,0,0.0
https://shop.googlemerchandisestore.com/Google Redesign/Apparel/Android Dino Buddies Tee Green,1,0,0.0
https://googlemerchandisestore.com/google+redesign/shop+by+brand/youtube/quickview,1,0,0.0
https://shop.googlemerchandisestore.com/google+redesign/apparel/android+crew+socks+summer+18,1,0,0.0
https://shop.googlemerchandisestore.com/checkout,1,0,0.0
https://shop.googlemerchandisestore.com/thankyou/.aspx,1,0,0.0
https://shop.googlemerchandisestore.com/google+redesign/drinkware/google+austin+campus+mug,1,0,0.0
https://shop.googlemerchandisestore.com/google+redesign/accessories/upcycled+handlebar+bag.axd,1,0,0.0
https://shop.googlemerchandisestore.com/Google+Redesign/Fun/Malibu+Sunglasses.axd,1,0,0.0
https://shop.googlemerchandisestore.com/login,1,0,0.0
https://shop.googlemerchandisestore.com/google+redesign/apparel/google+crewneck+sweatshirt+green+sm,1,0,0.0
https://shop.googlemerchandisestore.com/google+redesign/apparel/women+s+google+quillted+insulated+vest+2x.axd,1,0,0.0
https://shop.googlemerchandisestore.com/Google+Redesign/Nest/Nest+Yale+Lock+Satin+Nickel,1,0,0.0
https://shop.googlemerchandisestore.com/Google+Redesign/Lifestyle/Fun/Malibu+Sunglasses+bl.axd,1,0,0.0
https://shop.googlemerchandisestore.com/Google+Redesign/Accessories/Stickers+and+Decals/,1,0,0.0
https://shop.googlemerchandisestore.com/google+redesign/accessories/bags/heritage+computer+backpack.axd,1,0,0.0
https://shop.googlemerchandisestore.com/store-policies/frequently-asked-questions/storeitem.html,1,0,0.0
https://shop.googlemerchandisestore.com/google+redesign/apparelgoogle+beekeepers+toddler+tee+pink,1,0,0.0
https://shop.googlemerchandisestore.com/92320289,1,0,0.0
https://shop.googlemerchandisestore.com/google+redesign/accessories/google+pride+sticker,1,0,0.0
https://shop.googlemerchandisestore.com/google+redesign/apparel/android+hexagon+tee,1,0,0.0
http://shop.googlemerchandisestore.com/google+redesign/lifestyle/small+goods,1,0,0.0
https://shop.googlemerchandisestore.com/google+redesign/apparel/google+cambridge+campus+zip+hoodie+lg,1,0,0.0
https://shop.googlemerchandisestore.com/google+redesign/apparel/google+chicago+campus+ladies+tee,1,0,0.0
https://shop.googlemerchandisestore.com/google+redesign/apparel/google+dad+hat+maroon,1,0,0.0
https://shop.googlemerchandisestore.com/google+redesign/accessories/drinkware/google+ranger+water+bottle.axd/quickview,1,0,0.0
https://shop.googlemerchandisestore.com/google+redesign/wearables/headwear/android+unwashed+chino+twill+cap.axd,1,0,0.0
https://shop.googlemerchandisestore.com/google+redesign/office/google+recycled+notebook+set+natural,1,0,0.0
https://shop.googlemerchandisestore.com/google.com,1,0,0.0
https://shop.googlemerchandisestore.com/www.fb.com/,1,0,0.0
https://shop.googlemerchandisestore.com/Google/storeitem.html,1,0,0.0
http://shop.googlemerchandisestore.com/www.127.0.0.1.com/,1,0,0.0
https://shop.googlemerchandisestore.com/Data Science Academy paopicolomonac[REDACTED EMAIL]l.com 5db8dac75e4cde4cda8b4583,1,0,0.0
https://shop.googlemerchandisestore.com/y,1,0,0.0
https://shop.googlemerchandisestore.com/google+redesign/apparel/women+s+t+shirts/home,1,0,0.0
https://shop.googlemerchandisestore.com/google+redesign/accessoriesyoutube+icon+bundle,1,0,0.0
https://shop.googlemerchandisestore.com/google+redesign/accessories/stickers,1,0,0.0
https://shop.googlemerchandisestore.com/google redesign/apparel/youtube tee black,1,0,0.0
https://shop.googlemerchandisestore.com/items_all,1,0,0.0
https://shop.googlemerchandisestore.com/Google+Redesign/Drinkware/,1,0,0.0
https://shop.googlemerchandisestore.com/google+redesign/office/office+other/quickview,1,0,0.0
https://shop.googlemerchandisestore.com/google+redesign/apparel/google+fc+longsleeve+ash+md,1,0,0.0
https://shop.googlemerchandisestore.com/Google+Redesign/Accessories/Other/,1,0,0.0
https://shop.googlemerchandisestore.com/Google+Redesign/Apparel/Google+braille+tee+black,1,0,0.0
https://shop.googlemerchandisestore.com/â€©https://goo.gl/fqFDDR,1,0,0.0
https://shop.googlemerchandisestore.com/google+redesign/accessories/google+cork+tablet+case,1,0,0.0
http://shop.googlemerchandisestore.com/google+redesign/accessories/google+chrome+dinosaur+collectible,1,0,0.0
https://googlemerchandisestore.com/GiftCertificate/GiftCertificate.aspx,1,0,0.0
https://shop.googlemerchandisestore.com/Google+Redesign/Apparel/Google+Leather+Strap+Hat+Black/JaimeX,1,0,0.0
https://shop.googlemerchandisestore.com/Google+Redesign/Drinkware/Bottles/Google+22+oz+Water+Bottle.axd,1,0,0.0
https://shop.googlemerchandisestore.com/Google+Redesign/Kids/YouTube+Kids+Tee+White,1,0,0.0
https://shop.googlemerchandisestore.com/google+redesign/apparel/android+pocket+tee+navy,1,0,0.0
https://shop.googlemerchandisestore.com/google+redesign/apparel/socks,1,0,0.0
https://shop.googlemerchandisestore.com/google+redesign/apparel/men+s+t+shirts/google+onesie+red/graphite.axd,1,0,0.0
http://shop.googlemerchandisestore.com//java/procz/,1,0,0.0
"https://shop.googlemerchandisestore.com/thankyou/receipt.php
",1,0,0.0
https://shop.googlemerchandisestore.com/é€™å€‹ç¶²ç«™çš„GAå¸³æˆ¶ï¼š,1,0,0.0
"https://shop.googlemerchandisestore.com/thankyou/myphpinfo()
",1,0,0.0
https://shop.googlemerchandisestore.com/abc,1,0,0.0
http://shop.googlemerchandisestore.com/google+redesign/accessories/fun,1,0,0.0
https://shop.googlemerchandisestore.com/ Periood,1,0,0.0
https://shop.googlemerchandisestore.com/store.htâ€¦,1,0,0.0
https://shop.googlemerchandisestore.com/google+redesign/apparel/google+zip+hoodie+black,1,0,0.0
https://shop.googlemerchandisestore.com/google+redesign/apparel/google+youth+hero+tee+grey,1,0,0.0
https://shop.googlemerchandisestore.com/Goog,1,0,0.0
https://shop.googlemerchandisestore.com//apparel/google+dino+game+tee,1,0,0.0
https://shop.googlemerchandisestore.com/google+redesign/apparel/google+men+s+google+weatherblock+shell+black.axd,1,0,0.0
https://shop.googlemerchandisestore.com/google+redesign/apparel/womens/womens+t+shirts,1,0,0.0
https://shop.googlemerchandisestore.com/signin. me,1,0,0.0
https://shop.googlemerchandisestore.com/google+redesign/nest/nest+usa+/nest+secure+alarm+system+starter+pack.axd,1,0,0.0
https://shop.googlemerchandisestore.com/google+redesign/apparel/google+womens+grid+zip+up,1,0,0.0
https://shop.googlemerchandisestore.com/Google+Redesign/Brands/Nest/,1,0,0.0
https://shop.googlemerchandisestore.com/google redesign/apparel/android leather strap hat black,1,0,0.0
https://shop.googlemerchandisestore.com/google+redesign/shop+by+brand/google/ÃƒÂ°Ã…Â¸ Ã‚Â´ÃƒÂ°Ã…Â¸ Ã‚Â´ÃƒÂ°Ã…Â¸ Ã‚Â´ÃƒÂ°Ã…Â¸ Ã‚Â´bojack horsmanÃƒÂ°Ã…Â¸ Ã‚Â´ÃƒÂ°Ã…Â¸ Ã‚Â´ÃƒÂ°Ã…Â¸ Ã‚Â´ÃƒÂ°Ã…Â¸ Ã,1,0,0.0
https://shop.googlemerchandisestore.com/Google Redesign/Bags/Google Utility BackPack,1,0,0.0
https://shop.googlemerchandisestore.com/Google+Redesign/Bags/Google+Duffel+Bag,1,0,0.0
https://shop.googlemerchandisestore.com/google+redesign/shop+by+brand/i+am+remarkable,1,0,0.0
https://shop.googlemerchandisestore.com/report/,1,0,0.0
https://shop.googlemerchandisestore.com/Google+Redesign/Accessories/Drinkware/22+oz+Mini+Mountain+Bottle.axd,1,0,0.0
https://shop.googlemerchandisestore.com/Elliott's M&A Onboarding Test Site,1,0,0.0
https://shop.googlemerchandisestore.com/Google+Redesign/Bags/Google+Rolltop+Backpack+Blue,1,0,0.0
https://shop.googlemerchandisestore.com/Google+Redesign/Bags/Google+Google+Confetti+Tote+White,1,0,0.0
https://shop.googlemerchandisestore.com/search/GOPHER,1,0,0.0
https://shop.googlemerchandisestore.com/Google+Redesign/Apparel/Google+NYC+Campus+Zip+Hoodie+SM,1,0,0.0
https://shop.googlemerchandisestore.com/Specials/Flip+Flops.axd,1,0,0.0
https://shop.googlemerchandisestore.com/google+redesign/apparel/mens/quickviewhttps://shop,1,0,0.0
http://shop.googlemerchandisestore.com/google+redesign/apparel/google+dino+game+tee,1,0,0.0
https://shop.googlemerchandisestore.com/Google+Redesign/Apparel/Android+Iconic+Crew+XL,1,0,0.0
https://shop.googlemerchandisestore.com/google+redesign/accessories/google+mouse+pad+navy,1,0,0.0
https://shop.googlemerchandisestore.com/yourinfo.com,1,0,0.0
http://shop.googlemerchandisestore.com/home Ã— 2shop.googlemerchandisestore.com/home Ã— 2,1,0,0.0
https://shop.googlemerchandisestore.com/google+redesign/shop+by+brand/youtube/home,1,0,0.0
https://shop.googlemerchandisestore.com/google+redesign/accessories/google+pnw+campus+sticker,1,0,0.0
https://googlemerchandisestore.com/Google+Redesign/Super+G+Unisex+Joggers,1,0,0.0
https://shop.googlemerchandisestore.com/google+redesign/drinkware/google+adventure+bottle+black,1,0,0.0
https://shop.googlemerchandisestore.com/google+redesign/apparel/google+leather+strap+hat+blue,1,0,0.0
https://shop.googlemerchandisestore.com/google+redesign/apparel/google+youth+google+color+block+tee+white,1,0,0.0
https://shop.googlemerchandisestore.com/de.xml,1,0,0.0
https://shop.googlemerchandisestore.com/google+redesign/apparel/womens/womens+warm+gear/quickview,1,0,0.0
https://shop.googlemerchandisestore.com/Google+Redesign/Accessories/Bags/Heritage+Computer+Backpack.axd,1,0,0.0
https://shop.googlemerchandisestore.com/google+redesign/gift+cards/gift+card++25.00.axd,1,0,0.0
http://shop.googlemerchandisestore.com/signin.htmi,1,0,0.0
https://shop.googlemerchandisestore.com/google+redesign/drinkware/google+woodtop+bottle+black,1,0,0.0
https://shop.googlemerchandisestore.com/google+redesign/accessories/google+bot,1,0,0.0
https://shop.googlemerchandisestore.com/fhkbcv,1,0,0.0
https://shop.googlemerchandisestore.com/Google+Redesign/Shop+by+Brand/YouTube ,1,0,0.0
https://shop.googlemerchandisestore.com/Google+Redesign/apparel,1,0,0.0
https://shop.googlemerchandisestore.com/Google+Redesign/Lifestyle/Bagsdfgdgdgdgfdgfdg,1,0,0.0
https://shop.googlemerchandisestore.com/Google+Redesign/Apparel/Android+Tone+Hoodie+Black,1,0,0.0
https://shop.googlemerchandisestore.com/google+redesign/wearables/men+s+t-shirts,1,0,0.0
https://shop.googlemerchandisestore.com/Google+Redesign/Office/Writing+Instruments,1,0,0.0
https://shop.googlemerchandisestore.com/google+redesign/apparel/android+iconic+beanie,1,0,0.0
https://shop.googlemerchandisestore.com/Google+Redesign/Accessories/Android+Cardboard+Sculpture,1,0,0.0
https://shop.googlemerchandisestore.com/Google+Redesign/Accessories/Google+Boulder+Campus+Sticker,1,0,0.0
https://shop.googlemerchandisestore.com/google+redesign/lifestyle/google+knit+blanket,1,0,0.0
https://shop.googlemerchandisestore.com/google+redesign/accessories/noogler+android+figure+2019,1,0,0.0
https://shop.googlemerchandisestore.com/Google+Redesign/Apparel/Google+Dino+Game+Teehttps://shop.googlemerchandisestore.com/Google+Redesign/Apparel/Google+Dino+Game+Tee,1,0,0.0
https://www.googlemerchandisestore.com/TopSellers/,1,0,0.0
https://shop.googlemerchandisestore.com/Google+Redesign/Accessories/Drinkware/home,1,0,0.0
https://shop.googlemerchandisestore.com/shop.axd/ResetPassword,1,0,0.0
https://shop.googlemerchandisestore.com/google+redesign/accessories/google+utensil+set,1,0,0.0
http://shop.googlemerchandisestore.com/google+redesign/bags/water+bottles+and+tumblers,1,0,0.0
http://shop.googlemerchandisestore.com/asearch.hyml,1,0,0.0
https://shop.googlemerchandisestore.com/Google Redesign/Accessories/Google Campus Bike,1,0,0.0
https://shop.googlemerchandisestore.com/www.xvideos.com/,1,0,0.0
https://shop.googlemerchandisestore.com/www.google.com/,1,0,0.0
http://shop.googlemerchandisestore.com/static/dist/,1,0,0.0
https://shop.googlemerchandisestore.com/google+redesign/apparel/womens/womens+t+shirts/quickview,1,0,0.0
https://shop.googlemerchandisestore.com/Google+Redesign/Apparefdsfadsfnadjksbfnajksdbf,1,0,0.0
https://shop.googlemerchandisestore.com/google+redesign/apparel/mens+outerwear/blm+sweatshirt.axd,1,0,0.0
https://shop.googlemerchandisestore.com//asearch.html/home,1,0,0.0
https://shop.googlemerchandisestore.com/Google+Redesign/Drinkware/Google+LA+Campus+Bottle,1,0,0.0
https://shop.googlemerchandisestore.com/google+redesign/drinkware/quickview,1,0,0.0
https://shop.googlemerchandisestore.com/Google+Redesign/Accessories/Google+Medium+Pet+Leash+Red+Yellow,1,0,0.0
https://shop.googlemerchandisestore.com/Google+Redesign/Apparel/Mens+Outerwear/BLM+Sweatshirt.axd,1,0,0.0
http://shop.googlemerchandisestore.com/google+redesign/gift+cards,1,0,0.0
https://shop.googlemerchandisestore.com/google+redesign/apparel/android+womens+peace+tee+black,1,0,0.0
https://shop.googlemerchandisestore.com/Google+Redesign/Accessories/Google+Felt+Strap+Keyring,1,1,166.0
https://shop.googlemerchandisestore.com/google+redesign/apparel/headgear/android+stretch+fit+hat+g.axd,1,0,0.0
https://shop.googlemerchandisestore.com/google+redesign/nest/nest-can,1,0,0.0
https://shop.googlemerchandisestore.com/google+redesign/office/stickers/google+laptop+and+cell+phone+stickers.axd,1,0,0.0
https://shop.googlemerchandisestore.com/google+redesign/accessories/drinkware/colored+rubber+glass+bottle+-+purple.axd,1,0,0.0
http://shop.googlemerchandisestore.com/google+redesign/bags/google+utility+backpa,1,0,0.0
https://shop.googlemerchandisestore.com/Google+Redesign/Bags/Google+PNW+Campus+Tote,1,0,0.0
https://shop.googlemerchandisestore.com/Google+Redesign/Accessories/Google+Bellevue+Campus+Sticker,1,0,0.0
https://shop.googlemerchandisestore.com/Google+Redesign/Kids/,1,0,0.0
https://shop.googlemerchandisestore.com/google+redesign/apparel/mens/yourinfo.html,1,0,0.0
https://shop.googlemerchandisestore.com/google+redesign/apparel/women+s+google+quillted+insulated+vest+lg+white.axd,1,0,0.0
https://shop.googlemerchandisestore.com/google+redesign/office/stickers/google+doodle+decal.axd,1,0,0.0
http://shop.googlemerchandisestore.com/google+redesign/shop+by+brand/waze/waze+pack+of+9+decal+set.axd,1,0,0.0
https://shop.googlemerchandisestore.com/google+redesign/apparel/google+black+cloud+zip+hoodie,1,0,0.0
http://shop.googlemerchandisestore.com/google+redesign/nest/nest-usa,1,0,0.0
https://shop.googlemerchandisestore.com/google+redesign/apparel/men+s+t-shirts/home,1,0,0.0
https://shop.googlemerchandisestore.com/store-policies/terms-of-use/home,1,0,0.0
https://shop.googlemerchandisestore.com/google+redesign/lifestyle/pet/7+inch+dog+safe+flyer+bl.axd,1,0,0.0
https://shop.googlemerchandisestore.com/2020/08/1578/,1,0,0.0
http://shop.googlemerchandisestore.com/Google+Redesign/Shop+by+Brand/GoogleONL,1,0,0.0
https://shop.googlemerchandisestore.com/google+redesign/apparel/google+toddler+hero+tee+black,1,0,0.0
https://shop.googlemerchandisestore.com/google+redesign/shop+by+brand/android/quickview,1,0,0.0
https://shop.googlemerchandisestore.com/google redesign/apparel/men s google airflow 1 4 zip pullover black.axd,1,0,0.0
https://shop.googlemerchandisestore.com/eco/organic+basic+t-shirt,1,0,0.0
http://shop.googlemerchandisestore.com/persportal,1,0,0.0
http://shop.googlemerchandisestore.com/google redesign/apparel,1,0,0.0
https://shop.googlemerchandisestore.com/Google Redesign/Clearance,1,0,0.0
https://shop.googlemerchandisestore.com/ è¨­å®š,1,0,0.0
https://shop.googlemerchandisestore.com/google+redesign/apparel/google+youth+jumbo+print+tee+white,1,0,0.0
https://shop.googlemerchandisestore.com/google redesign/apparel/womens/womens tshirts/google womens vneck tee ch.axd,1,0,0.0
https://shop.googlemerchandisestore.com/google+redesign/bags/supernatural+paper+lunch+sack,1,0,0.0
https://shop.googlemerchandisestore.com/Google+Redesign/Apparel/Google+Womens+Ringer+Tee,1,0,0.0
https://shop.googlemerchandisestore.com/sitemapindex.html,1,0,0.0
https://shop.googlemerchandisestore.com/Wearables/cid=1281/shop.axd/Category,1,0,0.0
"https://shop.googlemerchandisestore.com/*,",1,0,0.0
https://shop.googlemerchandisestore.com/new/new-accessories/home,1,0,0.0
https://shop.googlemerchandisestore.com/Google+Redesign/Apparel/Womens/Womens+TShirts/Google+Womens+Short+Sleeve+Hero+Shirt+dark+gr.axd,1,0,0.0
https://shop.googlemerchandisestore.com/Google+Redesign/Bags/Google+Google+Color+Block+Tote+White,1,0,0.0
https://shop.googlemerchandisestore.com/Google+Redesign/Drinkware/Android+Iconic+Bottle+Black,1,0,0.0
https://shop.googlemerchandisestore.com/store-policies/shipping-information/google+redesign/bags/google+redesign/apparel/kids/google+redesign/apparel/mens/mens+t+shirts,1,0,0.0
https://shop.googlemerchandisestore.com/shop.axd/search,1,0,0.0
https://shop.googlemerchandisestore.com/google+redesign/accessories/drinkware/home,1,0,0.0
http://shop.googlemerchandisestore.com/google redesign/accessories,1,0,0.0
https://shop.googlemerchandisestore.com/new/new-drinkware/home,1,0,0.0
http://shop.googlemerchandisestore.com/google+redesign/apparel/hats,1,0,0.0
https://shop.googlemerchandisestore.com/google+redesign/apparel/kids/kids+toddler/quickview,1,0,0.0
https://shop.googlemerchandisestore.com/google+redesign/accessories/bags/nailhead+messenger.axd,1,0,0.0
https://shop.googlemerchandisestore.com/shop,1,0,0.0
http://shop.googlemerchandisestore.com/google+redesign/office/google+soft+modal+scarf,1,0,0.0
http://shop.googlemerchandisestore.com/google+redesign/bags/google+utili,1,0,0.0
https://shop.googlemerchandisestore.com/store$item.itemimage,1,0,0.0
https://shop.googlemerchandisestore.com/google+redesign/lifestyle/google+land+and+sea+tote+bag,1,0,0.0
https://shop.googlemerchandisestore.com/New/,1,0,0.0
https://shop.googlemerchandisestore.com/google+redesign/apparel/google+sf+campus+zip+hoodie,1,0,0.0
https://shop.googlemerchandisestore.com/Google+Redesign/Accessories/,1,0,0.0
https://shop.googlemerchandisestore.com/Google+Redesign/Apparel/R29vZ2xlK0,1,0,0.0
https://shop.googlemerchandisestore.com/thankyou/,1,0,0.0
https://shop.googlemerchandisestore.com/google+redesign/kids/youtube+kids+tee+white,1,0,0.0
https://shop.googlemerchandisestore.com/3,1,0,0.0
https://shop.googlemerchandisestore.com/Google+Redesign/Apparel/Google+Bike+Tee+Grey,1,0,0.0
https://shop.googlemerchandisestore.com/google+redesign/apparel/google+womens+puff+jacket+black,1,0,0.0
https://shop.googlemerchandisestore.com/google+redesign/apparel/kids/kids+toddler/youtube+toddler+short+sleeve+tee+red.axd,1,0,0.0
https://shop.googlemerchandisestore.com/google+redesign/apparel/google+chicago+campus+unisex+tee,1,0,0.0
https://shop.googlemerchandisestore.com/fhgfdjkyghtrlkhtkhgjfdjgh,1,0,0.0
https://shop.googlemerchandisestore.com/pel,1,0,0.0
https://shop.googlemerchandisestore.com/google+redesign/bags/google+totepak,1,0,0.0
https://shop.googlemerchandisestore.com/google+redesign/apparel/google+leather+strap+hat+black,1,0,0.0
https://shop.googlemerchandisestore.com/google+redesign/apparel/google+unisex+pride+eco-tee+black,1,0,0.0
https://shop.googlemerchandisestore.com/google+redesign/nest/nest+usa/nest+protect+smoke+co+white+battery+alarm+usa.axd,1,0,0.0
https://shop.googlemerchandisestore.com/google+redesign/lifestyle/small+goods/quickview,1,0,0.0
https://shop.googlemerchandisestore.com/Google+Redesign/Office/Google+Recycled+Pen+Green,1,0,0.0
http://shop.googlemerchandisestore.com/www.example.com/,1,0,0.0
https://shop.googlemerchandisestore.com/rFDSGAÃ˜SDJHFGÃ˜SODHFÃ˜O,1,0,0.0
https://shop.googlemerchandisestore.com/google+redesign/apparel/google+women-s+grey+tee+grey,1,0,0.0
https://shop.googlemerchandisestore.com/images/view,1,0,0.0
https://shop.googlemerchandisestore.com/Google+Redesign/You+Tube/Accessories/You+Tube+Socks.axd,1,0,0.0
https://shop.googlemerchandisestore.com/google+redesign/bags/google+mesh+bag+blue,1,0,0.0
https://shop.googlemerchandisestore.com/Google+Redesign/Apparel/Google+Cambridge+Campus+Zip+Hoodie+LG,1,0,0.0
https://shop.googlemerchandisestore.com/Google+Redesign/Apparel/Google+Sherpa+Zip+Hoodie+Navy+XS,1,0,0.0
https://shop.googlemerchandisestore.com/Google Redesign/Accessories/Google Lapel Pin,1,0,0.0
https://shop.googlemerchandisestore.com/google+redesign/apparel/google+campus+bike+eco+tee+navy,1,0,0.0
https://shop.googlemerchandisestore.com/google+redesign/apparel/flamingo+and+friends+tee+blue,1,0,0.0
https://shop.googlemerchandisestore.com/Google+Redesign/Apparel/YouTube+Icon+Tee+Charcoal/robots.txt/,1,0,0.0
https://shop.googlemerchandisestore.com/google+redesign/shop+by+brand/youtube$,1,0,0.0
https://shop.googlemerchandisestore.com/asearch.ht,1,0,0.0
https://shop.googlemerchandisestore.com/Google+Redesign/Accessories/Drinkware/Google+Ranger+Water+Bottle.axd/quickview,1,0,0.0
https://shop.googlemerchandisestore.com/google+redesign/accessories/quickview,1,0,0.0
https://shop.googlemerchandisestore.com/eco/organic+basic+t-shirt.axd,1,0,0.0
http://shop.googlemerchandisestore.com/google+redesign/bags/google+uti,1,0,0.0
https://shop.googlemerchandisestore.com/google+redesign/electronics/google+pocket+bluetooth+speaker.axd,1,0,0.0
https://shop.googlemerchandisestore.com/Google+Redesign/Office/Notebooks+Journals/YouTube+Hard+Cover+Journal.axd,1,0,0.0
https://shop.googlemerchandisestore.com/p11studio,1,0,0.0
https://shop.googlemerchandisestore.com/:,1,0,0.0
https://shop.googlemerchandisestore.com/google redesign/apparel/men s/men s t shirts,1,0,0.0
https://shop.googlemerchandisestore.com/Google+Redesign/Apparel/Google+Tee+Mint+Green,1,0,0.0
https://shop.googlemerchandisestore.com/thankyou/.jsp/,1,0,0.0
https://shop.googlemerchandisestore.com/Google Redesign/Apparel/Google Dino Game Tee,1,0,0.0
https://shop.googlemerchandisestore.com/google+redesign/accessories/index,1,0,0.0
https://shop.googlemerchandisestore.com/google+redesign/apparel/google+sf+campus+ladies+tee,1,0,0.0
https://shop.googlemerchandisestore.com/store.htm,1,0,0.0
https://shop.googlemerchandisestore.com/google+redesign/nest/nest+usa+/nest+cam+iq+outdoor+usa.axd,1,0,0.0
https://shop.googlemerchandisestore.com/Google Redesign/Accessories/Android Puzzlebot v2,1,0,0.0
https://shop.googlemerchandisestore.com/google+redesign/brands/android/home,1,0,0.0
https://shop.googlemerchandisestore.com/shop.axd/wishlistreview,1,0,0.0
https://shop.googlemerchandisestore.com/uact=5,1,0,0.0
https://shop.googlemerchandisestore.com/Data Science Academy willianzarp[REDACTED EMAIL]i.com.br 5d9f91835e4cdeed6b8b4572,1,0,0.0
https://shop.googlemerchandisestore.com/google+redesign/apparel/headgear,1,0,0.0
https://shop.googlemerchandisestore.com/google+redesign/accessories/google+clear+framed+blue+shades,1,0,0.0
https://shop.googlemerchandisestore.com/.â€‹,1,0,0.0
https://shop.googlemerchandisestore.com/platzy,1,0,0.0
https://shop.googlemerchandisestore.com/google+redesign/shop+by+brand/google+cloud,1,0,0.0
https://shop.googlemerchandisestore.com/Google+Redesign/Apparel/Google+Boulder+Campus+Ladies+Tee,1,0,0.0
https://shop.googlemerchandisestore.com/google+redesign/kids/google+mustachio+bib+white,1,0,0.0
https://shop.googlemerchandisestore.com/Google+Redesign/Accessories/Google+Picnic+Blanket+Green,1,0,0.0
https://shop.googlemerchandisestore.com/google+redesign/bags/quickview,1,0,0.0
https://shop.googlemerchandisestore.com/Google+Redesign/Drinkware/Play+Black+Force+17+oz+bottle,1,0,0.0
https://shop.googlemerchandisestore.com/google+redesign/lifestyle/google-frisbee,1,0,0.0
https://shop.googlemerchandisestore.com/google+redesign/office/google+recycled+writing+set,1,0,0.0
https://www.googlemerchandisestore.com/ordercomplete/thank_you.html,1,0,0.0
https://shop.googlemerchandisestore.com/Google+Redesign/Brands/Android/home,1,0,0.0
http://shop.googlemerchandisestore.com/google+redesign/apparel/google+cotopaxi+shell,1,0,0.0
https://shop.googlemerchandisestore.com/google+redesign/apparel/google+mountain+view+tee+red,1,0,0.0
https://shop.googlemerchandisestore.com/google+redesign/apparel/android+youth+circle+tee+md,1,0,0.0
https://shop.googlemerchandisestore.com/Google+Redesign/Apparel/Google+Mens+Tech+Fleece+Grey + ,1,0,0.0
https://shop.googlemerchandisestore.com/Google+Redesign/Wearables/Women+s+T-Shirts/,1,0,0.0
https://shop.googlemerchandisestore.com/Google+Redesign/Office/Stickers/Google+Doodle+Decal.axd,1,0,0.0
https://shop.googlemerchandisestore.com/google+redesign/office/google+soft+modal+scarf,1,0,0.0
https://shop.googlemerchandisestore.com/hola,1,0,0.0
https://shop.googlemerchandisestore.com/Google+Redesign/Bags/Backpacks/Google+Rucksack,1,0,0.0
https://shop.googlemerchandisestore.com/Google+Redesign/Lifestyle/Bags/nuevos,1,0,0.0
https://shop.googlemerchandisestore.com/google+redesign/apparel/google+womens+outpost+vest,1,0,0.0
https://shop.googlemerchandisestore.com/shop.axd/updatewishlist,1,0,0.0
https://shop.googlemerchandisestore.com/google+redesign/office/google+phone+stand+bamboo,1,0,0.0
https://shop.googlemerchandisestore.com/~ito+Techpack+V2,1,0,0.0
https://shop.googlemerchandisestore.com/claudiatapia,1,0,0.0
https://shop.googlemerchandisestore.com/google+redesign/apparel/mens/mens+warm+gear/quickview,1,0,0.0
https://shop.googlemerchandisestore.com/Google+Redesign/Apparel/Google+Womens+Grid+Zip+Uphttps://shop.googlemerchandisestore.com/Google+Redesign/Apparel/Google+Womens+Grid+Zip+Up,1,0,0.0
https://shop.googlemerchandisestore.com/store-policies/ZnJlcXVlbn,1,0,0.0
https://shop.googlemerchandisestore.com/Google+Redesign/Apparel/Google+LA+Campus+Ladies+Tee,1,0,0.0
https://shop.googlemerchandisestore.com/Google+Redesign/Apparel/Youtube+Tee+Black,1,0,0.0
https://shop.googlemerchandisestore.com/google+redisign/apparel/google+tracking+hat,1,0,0.0
https://shop.googlemerchandisestore.com/Google Redesign/New,1,0,0.0
https://shop.googlemerchandisestore.com/google+redesign/electronics/accessories/keyboard+dot+sticker.axd,1,0,0.0
https://shop.googlemerchandisestore.com/google+redesign/accessories/bags/home,1,0,0.0
https://shop.googlemerchandisestore.com/Google+Redesign/Wearables/home,1,0,0.0
https://shop.googlemerchandisestore.com./google+redesign/apparel/mens/quickview,1,0,0.0
https://shop.googlemerchandisestore.com/ Periood Ã¼ks aasta,1,0,0.0
http://shop.googlemerchandisestore.com/google+redesign/apparel/stan+and+friends+tee+green,1,0,0.0
https://shop.googlemerchandisestore.com/google+redesign/office/google+pen+bright+blue,1,0,0.0
https://shop.googlemerchandisestore.com/Google+Redesign/New/jaime,1,0,0.0
http://shop.googlemerchandisestore.com/google+redesign/bags/google+utility+b,1,0,0.0
"https://shop.googlemerchandisestore.com/,a",1,0,0.0
https://shop.googlemerchandisestore.com/Google+Redesign/Accessories/Google+Boulder+Campus+Lapel+Pin,1,0,0.0
https://shop.googlemerchandisestore.com/google+redesign/accessories/google+emoji+magnet+set,1,0,0.0
https://shop.googlemerchandisestore.com/you,1,0,0.0
https://shop.googlemerchandisestore.com/google+redesign/lifestyle/white+google+shoreline+bottle,1,0,0.0
https://shop.googlemerchandisestore.com/google+redesign/apparel/women+s+google+quillted+insulated+vest+lg.axd,1,0,0.0
https://shop.googlemerchandisestore.com/google+redesign/bags/shopping+and+totes,1,0,0.0
https://shop.googlemerchandisestore.com/.jsp/,1,0,0.0
https://shop.googlemerchandisestore.com/google+redesign/apparel/google+tee+blue,1,0,0.0
https://shop.googlemerchandisestore.com/google redesign/apparel/kids/kids toddler/google toddler raglan shirt navy 2t.axd,1,0,0.0
https://shop.googlemerchandisestore.com/google+redesign/apparel/youtube+standards+zip+hoodie+black,1,0,0.0
https://shop.googlemerchandisestore.com/google+redesign/apparel/kids/kids+infant,1,0,0.0
https://shop.googlemerchandisestore.com/google redesign/apparel/google cotopaxi shell,1,0,0.0
https://shop.googlemerchandisestore.com/google+redesign/apparel/google+kirkland+campus+ladies+tee,1,0,0.0
https://shop.googlemerchandisestore.com/google+redesign/accessories/ZWxlY3Ryb2,1,0,0.0
http://shop.googlemerchandisestore.com/index,1,0,0.0
https://shop.googlemerchandisestore.com/Google+Redesign/New+2015+Logo/Transit+Messenger.axd/quickview,1,0,0.0
https://shop.googlemerchandisestore.com/google redesign/apparel/google crew grey,1,0,0.0
https://shop.googlemerchandisestore.com/Google+Redesign/Apparel/Google+Dino+Game+Tee},1,0,0.0
https://shop.googlemerchandisestore.com/Google+Redesign/Bags/Google+Utility+BackPack+,1,0,0.0
https://shop.googlemerchandisestore.com/Google Redesign/Apparel/Google Mens Microfleece Jacket Black,1,0,0.0
https://shop.googlemerchandisestore.com/account/login,1,0,0.0
https://shop.googlemerchandisestore.com/https://shop.googlemerchandisestore.com/,1,0,0.0
https://shop.googlemerchandisestore.com/Google+Redesign/Accessories/Bags/home,1,0,0.0
https://googlemerchandisestore.com/Google+Redesign/Brands/YouTube/,1,0,0.0
https://shop.googlemerchandisestore.com/Google+Redesign/Bags/Google+Incognito+Zip+Pack,1,0,0.0
https://shop.googlemerchandisestore.com/specials/home,1,0,0.0
https://shop.googlemerchandisestore.com/google+redesign/drinkware/google+seattle+campus+mug,1,0,0.0
https://shop.googlemerchandisestore.com/google+redesign/apparel/google+la+campus+ladies+tee,1,0,0.0
https://shop.googlemerchandisestore.com/google+redesign/lifestyle/fun,1,0,0.0
https://shop.googlemerchandisestore.com/google+redesign/apparel/android+iconic+hat+v2+black,1,0,0.0
https://shop.googlemerchandisestore.com//java/procz,1,0,0.0
https://shop.googlemerchandisestore.com/store.htmlcid=42027&vid=20160512512&tpt=4532&sortci=orderscount+desc,1,0,0.0
https://shop.googlemerchandisestore.com/google+redesign/apparel/google+split+seam+tee+olive,1,0,0.0
http://shop.googlemerchandisestore.com/home},1,0,0.0
https://shop.googlemerchandisestore.com/Google+Redesign/Office/Google+Phone+Stand+kaori,1,0,0.0
https://shop.googlemerchandisestore.com/Google Redesign/Apparel/Flamingo and Friends Tee Blue,1,0,0.0
https://shop.googlemerchandisestore.com/Google+Greenesign/Apparel/Goog,1,0,0.0
https://shop.googlemerchandisestore.com/Google+Redesign/Bags/Google+Utility+BackPack/home,1,0,0.0
https://shop.googlemerchandisestore.com/Google+Redesign/Accessories/Google+Chrome+Dinosaur+Collectible Google Merchandise Store,1,0,0.0
"https://shop.googlemerchandisestore.com/Google+Redesign/Lifestyle,398554,409,0.0010262097482398873",1,0,0.0
http://shop.googlemerchandisestore.com/google+redesign/apparel/google+land+and+sea+unisex+tee,1,0,0.0
http://shop.googlemerchandisestore.com/google+redesign/apparel/mens/mens+t+shirts,1,0,0.0
https://shop.googlemerchandisestore.com/ideas,1,0,0.0
https://shop.googlemerchandisestore.com/Google+Redesign/Apparel/Google+Sherpa+Zip+Hoodie+Charcoal+XS,1,0,0.0
https://shop.googlemerchandisestore.com/storehtml,0,0,0.0
https://shop.googlemerchandisestore.com/SubCategory/Lifestyle/Bags,0,0,0.0
https://shop.googlemerchandisestore.com/javascript:void(0),0,0,0.0
https://shop.googlemerchandisestore.com/Google+Redesign/Apparel/IamRemarkable+Hoodie/,0,0,0.0